x,y,z,RoomType,RoomQualit,RoomArea,RoomPrem
2.0369358293692965,4.313542611750036,1.75,0,0.3097158607521645,73.39236168403819,85.4528368997523
-14.31123018048256,12.144416115839862,1.75,1,1.7276728065077471,119.90864725842876,44.74928743156571
-3.564637701396271,9.642036426264792,1.75,1,0.5998615955279897,99.23474255869964,40.65431550130752
-5.145018948320722,-1.0499495201014282,1.7500000000000002,1,1.545597430895624,119.9086472584288,44.74928743156572
6.6200414454502114,10.656987629029503,1.7499999999999998,1,0.7004152134160306,99.23474255869958,40.65431550130751
6.110807488107889,-3.5523292096765013,1.7499999999999998,1,1.0950968801455954,111.6390853785371,42.69125133067682
15.277018720269725,-3.5523292096765022,1.75,1,1.285290640436786,111.6390853785371,42.69125133067684
15.27701872026972,10.656987629029503,1.75,1,1.2852906404367856,111.63908537853708,42.69125133067682
