x,y,z,RoomType,RoomQualit,RoomArea,RoomPrem
-4.420008829837889,6.908309222746823,1.75,0,0.2410184549463911,118.84155405420076,176.08459397456636
-5.591420036957486,-8.164961485663445,1.75,1,1.567946809430378,118.84155405420078,44.55083640270753
14.706902849321818,-1.4776357341445394,1.7500000000000002,1,0.7276890906593919,107.57209634216444,44.52062835003214
1.0102877325343744,11.6617329998662,1.75,1,0.0,98.35163094140756,40.47192540672578
-9.97541111609875,9.998478923087236,1.7500000000000002,1,1.431120860768825,109.62108865344388,44.55083640270756
3.030863197603121,-8.619541782509804,1.75,1,0.6995524968672722,98.35163094140756,40.5021334594012
1.0102877325343746,2.535159347797,1.75,1,0.4006157760770402,98.35163094140752,40.47192540672579
15.154315988015616,-10.140637391188005,1.75,1,1.2852573577550015,110.64558480908346,42.500052884963374
13.133740522946868,10.647669260747406,1.75,1,1.0,98.35163094140756,40.50213345940119
