vi,vj,adjacency
0,3,-2.257288983699361e-17
0,1,0.1363636363636363
0,2,0.1428571428571428
1,2,0.2792207792207792
