vi,vj,adjacency
0,4,0.0952380952380952
0,3,1.8355363706555258e-17
0,1,0.0952380952380952
0,2,0.1818181818181818
1,2,0.277056277056277
2,4,0.2770562770562769
