x,y,z,RoomType,RoomQualit,RoomArea,RoomPrem
6.978463529748976,3.8511852674548335,1.7499999999999996,0,0.2575757575757575,88.3411974388591,133.0135687562445
-9.607693772492585,1.4593965224039371,1.75,1,1.568181818181818,117.78826325181213,44.33785625208151
10.076785511836706,-1.00767855118367,1.75,1,0.0,97.4799420014997,40.30714204734682
-1.0076785511836697,1.00767855118367,1.75,1,0.5,97.47994200149978,40.307142047346815
-0.5385868118395477,-11.640424642983776,1.7499999999999998,1,1.5454545454545454,117.78826325181213,44.33785625208151
-3.0230356535510103,12.595981889795882,1.7500000000000002,1,1.0714285714285714,109.66493475168708,42.32249914971416
9.069106960653036,11.084464063020372,1.75,1,1.0,97.47994200149968,40.307142047346815
10.58062478742854,-10.076785511836706,1.7500000000000002,1,1.1904761904761905,105.60327050162452,42.32249914971416
