x,y,z,RoomType,RoomQualit,RoomArea,RoomPrem
6.59489311651996,4.438870366888436,1.75,0,0.2417582417582419,116.3234442525546,184.65700726255895
-10.705768136101373,-13.732071873920878,1.7499999999999998,1,1.6590909090909087,119.41167728580808,44.64235340413512
0.3102899673941439,-7.274575902240468,1.7500000000000002,1,0.6666666666666667,106.02933414170916,42.61315552212899
1.4474969097733803e-16,6.08759364601843,1.75,1,0.0,98.82345706411728,40.58395764012286
-11.16058835103378,8.624090998526105,1.75,1,1.380952380952381,111.17638919713174,42.61315552212898
-9.13139046902764,-2.536497352507676,1.75,1,1.0,107.05874515279348,42.61315552212899
11.160588351033782,-1.0145989410030725,1.75,1,0.0,98.82345706411718,40.58395764012284
12.175187292036853,9.13139046902764,1.7499999999999998,1,1.0,98.82345706411726,40.58395764012283
11.667887821535318,-10.145989410030712,1.75,1,1.2142857142857142,107.05874515279356,42.61315552212899
