x,y,z,RoomType,RoomQualit,RoomArea,RoomPrem
-14.382342129915417,-13.9348914858736,1.75,0,0.5757575757575759,69.03639355729803,135.0022514594727
5.184255737863762,-11.673392171652418,1.7499999999999998,1,1.5909090909090908,30.33417292669162,22.500375243245447
11.28545466745853,5.166622214945859,1.75,1,1.6363636363636365,121.33669170676632,45.00075048649089
-10.73881545700351,-7.67058246928822,1.75,1,0.0,100.41657244697916,40.909773169537175
-1.5341164938576437,-7.67058246928822,1.75,1,0.475,100.416572446979,40.909773169537175
2.04548865847686,5.625093810811362,1.7500000000000002,1,1.0952380952380951,112.96864400285136,42.955261828014045
-9.204698963145864,3.579605152334501,1.7499999999999998,1,1.1904761904761905,108.78462015089404,42.955261828014045
