x,y,z,RoomType,RoomQualit,RoomArea,RoomPrem
4.066531566125437,1.509850445015031,1.75,0,0.9646268215538788,27.629345226519646,56.91131006938011
-13.251283896512206,-4.581615143493891,1.7500000000000002,1,1.6373925116075931,118.70385356578852,44.47013309449168
14.270168110486056,-4.9728101812880405,1.75,1,1.317338140481774,111.54068998854277,44.47013309449169
-4.0665315661254375,-5.032834816716774,1.75,1,1.0,110.51738090607894,42.45699916780497
5.083164457656795,-5.032834816716774,1.7500000000000002,1,1.0,110.517380906079,42.45699916780497
