x,y,z,RoomType,RoomQualit,RoomArea,RoomPrem
0.1272433418231685,1.6388592634420145,1.7500000000000004,0,0.8915876227107862,41.06514303177276,75.29038653098624
16.32450359683677,-4.982502263167392,1.75,1,1.3173937732718812,111.90251476158056,44.544789437608685
-13.233307549609666,5.54690827626528,1.7500000000000002,1,1.497676271677994,25.66571439485795,20.26475512088137
-11.197414080438946,-5.042643887513887,1.7499999999999996,1,1.2845753769197377,110.87588618578631,42.527731882603135
-2.035893469170716,-5.042643887513888,1.7499999999999998,1,1.0,110.87588618578626,42.52773188260313
7.125627142097515,-5.042643887513887,1.7499999999999998,1,1.0,110.87588618578624,42.527731882603135
