x,y,z,RoomType,RoomQualit,RoomArea,RoomPrem
3.552713678800501e-15,3.859753739293677,1.75,0,0.4967316181883954,72.1764914476909,100.94716314934236
-17.064687868741583,6.122368000258936,1.7500000000000002,1,1.6335735732654646,119.60675725617328,44.79287639975687
-8.048729298414552,-7.258111629292476,1.75,1,1.5465705706938144,119.60675725617328,44.79287639975688
19.07045263346441,-3.5410584764162163,1.75,1,1.3204696699223188,112.38910811140434,44.79287639975689
1.0017731744807838,-3.6024368233407635,1.7499999999999998,1,0.9036589648522448,111.35801537643724,42.73434107213359
-8.515071983086642,5.660972150964059,1.7500000000000002,1,0.5,98.98490255683316,40.730794723172025
3.5062061106827342,8.748775142399001,1.75,1,1.0,98.984902556833,40.51083880852509
10.017731744807811,-3.602436823340765,1.75,1,1.0,111.35801537643728,42.73434107213357
