x,y,z,RoomType,RoomQualit,RoomArea,RoomPrem
7.546386223382972,3.0463896789739144,1.75,0,0.3004147596415326,106.26134412730433,167.52771515738294
-15.647908904578031,-5.1123321049447314,1.75,1,1.7262098023507333,118.5222684496854,44.4391436482378
-11.623169585440444,8.088689837275568,1.7499999999999998,1,1.7262098023507333,118.52226844968534,44.4391436482378
21.669898054301573,-3.4935661456122893,1.7500000000000002,1,1.1136458382119692,111.37006259496306,44.51337082055976
-2.82036656833505,-5.661976777082833,1.7499999999999998,1,0.8802751809111335,101.15262565964534,42.40821719558853
-1.0061848297843954,5.585047744785512,1.7499999999999996,1,0.401467299931752,98.08739457905004,40.47007470834167
11.068033127628365,8.631437423759428,1.75,1,1.0,98.08739457905008,40.39584753601973
10.06184829784397,-1.5231948394869574,1.75,1,0.0,98.08739457904994,40.39584753601973
10.564940712736163,-10.662363876408705,1.7499999999999996,1,1.239449638177733,106.26134412730426,42.40821719558853
