vi,vj,adjacency
0,4,0.2850215577251479
0,2,1.0454595269935791e-16
0,1,0.1360480095926566
0,3,0.142510778862574
1,4,0.4210695673178044
3,4,0.4275323365877219
