x,y,z,RoomType,RoomQualit,RoomArea,RoomPrem
-3.272488585977288,3.068614488987186,1.75,0,0.1564133953586344,93.7253883064344,141.8301433845531
-14.635055055590753,-3.121521635349036,1.7500000000000002,1,1.5671927498548035,119.4741213576527,44.71921107304526
16.65112399780965,-3.519053313058702,1.7499999999999998,1,1.1136525778712325,112.26447610331168,44.71921107304525
5.03459782458045,-1.5343072444935943,1.7500000000000002,1,0.0,98.87513491667804,40.53201349925117
-5.90421017609889,-3.719532713923864,1.7499999999999998,1,0.7842724324720962,101.9649828828243,42.67346808038712
-8.055356519328718,8.182971970632503,1.7500000000000002,1,1.070946873288692,111.2345267812628,42.57775649190928
6.041517389496538,8.694407718797034,1.75,1,1.0,98.87513491667808,40.53201349925115
5.538057607038493,-10.740150711455158,1.7499999999999996,1,1.2404162645996315,107.11472949306795,42.54585262908333
