x,y,z,RoomType,RoomQualit,RoomArea,RoomPrem
-5.516868531551852,3.054652413993604,1.75,0,0.225841433048722,107.24073676648274,151.27817600260795
5.966519258261403,-10.217285660599275,1.7499999999999998,1,1.5691277836376278,118.47548061820989,44.4076566331158
-7.52300254302525,7.636631034983995,1.75,1,0.0,98.04867361506996,40.365087678979975
-18.430184423162167,5.966564060978151,1.7499999999999998,1,1.4290189408003489,109.2834174667969,44.52886035787179
6.51993553728855,8.654848506315197,1.75,1,0.7981983877891718,98.04867361507024,40.36508767898
17.0521390975239,-3.563761149659198,1.75,1,1.0718869865427885,110.3047578169538,42.492425415209375
5.516868531551848,-1.527326206996798,1.75,1,0.5,98.0486736150701,40.36508767898
17.0521390975239,10.691283448977597,1.75,1,1.3833972615615384,110.30475781695353,42.49242541520936
-7.021469040156901,-1.527326206996798,1.7500000000000002,1,1.120154367836013,106.21939641632596,42.3712216904534
