x,y,z,RoomType,RoomQualit,RoomArea,RoomPrem
-1.023942920948001,4.630433414203831,1.7499999999999998,0,0.5454748532144804,46.35937303941876,90.28849920292676
-7.295593311754511,0.1286231503945463,1.75,1,0.0,101.14772299509538,41.03839335325456
10.11024014936041,2.942705347344493,1.7500000000000002,1,1.430900076046679,112.73756625495008,45.184587859130616
-1.5359143814220022,-4.630433414203832,1.7499999999999998,1,1.3104656027605854,109.57669991135344,43.08627919515055
