vi,vj,adjacency
1,0,7.86969261902481e-17
1,2,0.0341593865932034
1,3,0.0358229541646829
2,3,0.0699823407578864
