vi,vj,adjacency
0,2,0.2272629260583913
0,1,7.940142629913967e-17
0,4,0.0955178116712416
0,3,0.1425667337102765
2,4,0.3227807377296328
2,3,0.3698296597686677
