vi,vj,adjacency
0,2,5.2217162774983193e-17
0,4,0.0898149781737521
0,5,5.2217162774983193e-17
0,1,5.2217162774983193e-17
0,3,0.0991821266811192
3,4,0.1889971048548712
