x,y,z,RoomType,RoomQualit,RoomArea,RoomPrem
-10.821221593524388,-9.26142972522802,1.75,0,0.3605834567737428,102.33582826365884,174.84591040528576
8.200422692374666,-12.214412750513294,1.7500000000000002,1,1.636320770731313,119.90864725842884,44.74928743156572
-16.8047205922967,-6.089707216588289,1.7500000000000002,1,1.3817684248197093,107.5043044385913,42.68421790683696
-4.583105616080914,-8.627085223500076,1.7499999999999996,1,0.7006223894166528,99.23474255869957,40.682449196666994
-4.583105616080916,0.5074756013823574,1.7499999999999998,1,0.0,99.2347425586998,40.682449196666994
-4.583105616080916,9.642036426264792,1.7500000000000002,1,0.0,99.23474255869972,40.68244919666698
6.6200414454502114,-1.0149512027647132,1.7500000000000004,1,1.0,107.50430443859128,42.68421790683696
8.65697727481951,10.14951202764715,1.7500000000000002,1,1.3815169622764674,111.6390853785371,42.71235160219642
