vi,vj,adjacency
0,2,0.1704545454545455
0,1,0.0340909090909091
0,3,0.1428571428571429
1,2,0.2045454545454545
2,3,0.3133116883116884
