vi,vj,adjacency
0,1,0.1363636363636363
0,4,0.034090909090909
0,3,0.0
0,2,0.1875
1,2,0.3238636363636363
2,4,0.221590909090909
