x,y,z,RoomType,RoomQualit,RoomArea,RoomPrem
0.2512697829105264,-10.302061099331636,1.75,0,0.2972972972972971,40.40736243449837,74.37585574151619
-1.567554608983108,9.082595822637424,1.7499999999999996,1,1.1136363636363638,110.11006263400805,44.22348179225287
-4.0203165265684415,-2.512697829105277,1.75,1,0.8333333333333335,109.09987857314567,42.21332352896865
-3.0152373949263302,-11.055870448063216,1.75,1,1.25,25.254601521561497,20.10158263284222
7.538093487315829,-9.045712184778996,1.75,1,1.2857142857142858,109.09987857314566,42.21332352896864
7.53809348731583,7.908367128424582e-17,1.7500000000000002,1,1.2142857142857142,109.09987857314566,42.21332352896866
