x,y,z,RoomType,RoomQualit,RoomArea,RoomPrem
-10.272814277656096,5.326644440266122,1.75,0,0.1132075471698113,97.79404605303232,107.54748774632554
-16.190100244291862,12.740463844881424,1.7500000000000002,1,1.2272727272727275,108.08815616387808,44.64235340413512
8.676570254095232,14.746670814923949,1.75,1,1.6363636363636365,119.41167728580824,44.642353404135136
-15.76126975592702,-0.5597787260706603,1.7500000000000004,1,1.5454545454545454,119.4116772858082,44.642353404135136
-4.058395764012284,11.160588351033786,1.75,1,0.7000000000000002,98.8234570641172,40.58395764012285
-5.072994705015357,1.0145989410030725,1.7500000000000002,1,0.5999999999999999,98.8234570641172,40.58395764012285
-3.0437968230092136,-9.63868993952918,1.75,1,1.1904761904761905,107.05874515279368,42.613155522129
7.102192587021497,-9.63868993952918,1.7500000000000002,1,1.1904761904761905,107.05874515279366,42.61315552212899
7.102192587021497,3.551096293510746,1.7499999999999998,1,1.0,107.05874515279363,42.61315552212898
