vi,vj,adjacency
0,1,0.0
0,2,0.0922850603461946
0,3,0.1022356887205255
2,3,0.1945207490667202
