vi,vj,adjacency
0,1,0.0903750428473737
0,3,-3.1345780341366105e-17
0,4,0.2499999999999999
0,2,0.1369182247354194
1,4,0.3403750428473738
2,4,0.3869182247354195
