x,y,z,RoomType,RoomQualit,RoomArea,RoomPrem
-9.161520611268228,-2.269189749381256,1.75,0,0.6680661126203797,58.51782882027594,85.24382290685787
-16.796121120658427,3.5298507212597205,1.7500000000000002,1,1.383146806857996,106.76937188260897,42.50889596843796
-6.616653774804832,4.034115110011109,1.7499999999999998,1,0.7011164273040612,98.55634327625444,40.4918384134324
13.233307549609668,-6.555437053768054,1.7499999999999998,1,1.497676271677994,25.665714394857897,20.26475512088136
11.19741408043895,4.0341151100111095,1.75,1,1.2845753769197377,110.87588618578624,42.52773188260312
2.035893469170716,4.034115110011111,1.7499999999999998,1,1.0,110.87588618578629,42.52773188260312
