x,y,z,RoomType,RoomQualit,RoomArea,RoomPrem
-1.6736481078043883,-1.5828544732424108,1.7500000000000002,0,0.3261177556026397,79.2308153299049,92.74021759947574
-17.666162020319312,4.574283972499144,1.75,1,1.410691352785275,106.65686679025625,44.313314645922304
-5.565853009675068,3.0112841198270246,1.7499999999999998,1,0.8009769399885147,97.51484963680572,40.34754056008383
2.529933186215938,-7.026329612929721,1.7500000000000002,1,1.0,97.51484963680576,40.34754056008381
16.69755902902521,-6.524448926291884,1.75,1,1.57342279037199,109.70420584140636,42.35506330663517
-7.589799558647821,-5.01880686637837,1.7499999999999998,1,1.39804612002297,24.37871240920141,20.17377028004192
5.059866372431882,5.018806866378371,1.7499999999999998,1,1.3796213532797523,109.70420584140622,42.30579189937095
