x,y,z,RoomType,RoomQualit,RoomArea,RoomPrem
-9.516845157567415,-1.0292676638116482,1.75,0,0.1224151601740363,84.54960426729457,99.54849556565983
-19.491643766326057,6.234421277944834,1.7500000000000002,1,1.314331531106341,108.26473717153624,44.79287639975688
14.076640296583388,0.0354919884073,1.75,1,1.6567076524493831,119.60675725617332,44.57292048510996
-15.1160416506475,-7.480570342345364,1.7500000000000004,1,1.36519879897134,115.48238631630537,44.79287639975688
-7.513298808605858,4.631704487152412,1.7500000000000002,1,0.7967422657079029,98.98490255683316,40.5108388085251
-6.511525634125074,-7.719507478587354,1.75,1,0.6967598582427591,98.98490255683328,40.730794723172025
5.509752459644292,-9.263408974304822,1.7499999999999996,1,1.0705981608710176,111.35801537643712,42.56937413614838
3.1594384733624614,2.731518030884754,1.7499999999999996,1,1.0,107.23364443656916,42.73434107213359
