x,y,z,RoomType,RoomQualit,RoomArea,RoomPrem
-2.925389227336116,-0.3666950539505668,1.7500000000000002,0,0.3067053736186745,110.3483189014314,157.65143479034376
-20.080574388697183,7.166269054348163,1.75,1,1.2264579137706764,107.2830878208361,44.51337082055974
20.661485039193398,-1.9784024926669668,1.7499999999999998,1,1.635416178803112,118.52226844968538,44.513370820559736
-21.685017883284416,-4.096868878620092,1.7500000000000002,1,1.5450749294109762,118.5222684496855,44.43914364823781
-8.049478638275176,5.585047744785511,1.75,1,0.698346254400773,98.08739457904996,40.39584753601973
-9.055663468059567,-4.569584518460873,1.7499999999999998,1,0.7988975029338486,98.08739457904996,40.39584753601974
3.018554489353189,-1.5231948394869563,1.75,1,0.0,98.08739457905,40.47007470834166
12.07421795741276,-1.5231948394869566,1.7499999999999998,1,0.6243122031569912,98.08739457905013,40.47007470834168
4.668885682130402,9.518781457977685,1.7499999999999998,1,1.3421333526496018,109.32657520789952,44.43914364823781
