x,y,z,RoomType,RoomQualit,RoomArea,RoomPrem
-6.717504172986138,-2.42611121055915,1.75,0,0.5394885702558452,36.25243623194972,48.86671692122117
8.671130955891021,0.5459851000169405,1.75,1,1.7264129555044805,120.15093151160492,44.75040441969082
-12.167554728427724,2.5538012742727902,1.75,1,1.379202702585524,107.72152480350778,42.78293955700731
-2.027925788071287,3.064561529127348,1.75,1,0.7994063713700024,99.4352536647765,40.739898537589085
