vi,vj,adjacency
0,1,0.091308270658634
0,3,0.1002968143149987
0,2,-7.787127233821395e-17
1,3,0.1916050849736328
