vi,vj,adjacency
0,1,0.0922850603461945
0,3,0.1948729547905124
0,2,0.0922850603461946
1,3,0.2871580151367069
2,3,0.287158015136707
