x,y,z,RoomType,RoomQualit,RoomArea,RoomPrem
-4.511120368379222,-6.242339490083689,1.7500000000000004,0,0.9549512492018936,22.94514022374818,46.18951232084696
-12.06644224936501,0.4581533570703618,1.7499999999999998,1,1.4136010311347489,113.68274019947933,45.09461926387952
10.059279901903096,0.0538132714662384,1.7500000000000002,1,1.7248265593845429,120.9834666343082,45.09461926387954
-1.0024711929731602,-1.5605848725209213,1.7499999999999996,1,1.0,108.46793560317292,42.71048965752533
