vi,vj,adjacency
0,3,1.3757450466357963e-17
0,2,0.1247752010549766
0,1,0.0341697346950081
0,4,0.0997736722740531
1,2,0.1589449357499847
2,4,0.2245488733290297
