x,y,z,RoomType,RoomQualit,RoomArea,RoomPrem
-8.732760131846526,-9.9419962008634,1.75,0,0.3436118165387161,43.83261406792328,64.55981229022404
-2.0853659349549742,5.070868344465458,1.75,1,1.1136422025700004,111.1105798465958,44.44696179385082
6.633580909748483,-4.061854405939828,1.75,1,1.6595872184500515,118.2461216716066,44.446961793850825
-14.174914996620444,-6.040706552423332,1.75,1,1.3822868832534798,106.01376425730246,42.37629791378162
-4.049975713320127,-6.544098765125277,1.75,1,0.8004526554518934,97.85885931443298,40.36272906297384
