x,y,z,RoomType,RoomQualit,RoomArea,RoomPrem
-6.041517389496539,1.0228714963290635,1.75,0,0.2590696751121453,110.20457745921468,148.0630839510053
-17.07447890793427,8.241421770422736,1.75,1,1.315944253769884,108.14467881511688,44.71921107304525
-12.676398094032916,-5.388340918162027,1.75,1,1.3645443607890326,115.3543240694577,44.71921107304526
-5.03459782458045,6.6486647261389065,1.75,1,0.8990554469890365,98.87513491667808,40.53201349925115
-4.027678259664359,-5.625793229809846,1.75,1,0.6981168231791937,98.87513491667804,40.65962895055495
8.055356519328718,-6.648664726138909,1.7500000000000002,1,0.0,98.87513491667792,40.53201349925115
7.793557432450533,2.639008460528981,1.75,1,1.0240416264599632,102.994932204873,42.545852629083335
19.00443047988826,-4.970964281225349,1.75,1,1.4288834053068762,110.20457745921416,44.71921107304526
