x,y,z,RoomType,RoomQualit,RoomArea,RoomPrem
-11.53527056597205,3.309206781826395,1.75,0,0.2017502215991268,115.411459567739,149.60535223421357
-18.5137510201688,9.222141097485434,1.75,1,1.225942701153757,107.24073676648304,44.52886035787177
15.097887862209287,-11.165281237355911,1.75,1,1.7255358726653385,118.47548061820967,44.407656633115785
-7.52300254302525,-2.545543678327999,1.7500000000000002,1,0.0,98.0486736150702,40.36508767897999
-18.430184423162167,-4.215610652333844,1.7500000000000004,1,1.248809162660922,109.28341746679696,44.52886035787179
-6.519935537288549,7.636631034983996,1.75,1,0.9243243954209394,98.0486736150701,40.365087678979975
-7.52300254302525,-11.709500920308797,1.7499999999999998,1,0.9243243954209396,98.0486736150701,40.36508767897999
4.513801525815147,-8.654848506315195,1.75,1,0.6005987395760571,98.04867361507006,40.48629140373599
6.343721063307778,2.118993116013578,1.75,1,1.4301898806237554,113.36877886742482,44.4076566331158
