vi,vj,adjacency
0,2,0.1702793910251073
0,1,0.0341593865932035
0,3,0.1425562852579209
1,2,0.2044387776183108
2,3,0.3128356762830281
