vi,vj,adjacency
0,1,3.1206394701411607e-17
0,4,0.1431473553498303
0,3,0.2862947106996607
0,2,0.1366280410998085
2,3,0.4229227517994692
3,4,0.429442066049491
