x,y,z,RoomType,RoomQualit,RoomArea,RoomPrem
-14.018704798167567,-0.5736109628298128,1.75,0,0.5364225179447288,27.94436722761132,56.92284726886114
-8.179954113622124,-5.64606264738498,1.75,1,1.0455819612409132,112.8124454744313,44.7437010188694
7.646963952940211,5.661386361109564,1.7499999999999996,1,1.6358739979633177,120.05728142233062,44.78229276801003
-1.522393281248967,6.118516936851331,1.75,1,1.0,111.7774689104458,42.742787122392926
-10.656752968742769,6.11851693685133,1.7499999999999998,1,1.2862947106996607,111.77746891044572,42.74278712239292
