x,y,z,RoomType,RoomQualit,RoomArea,RoomPrem
-7.163004341040548,-8.020935550545367,1.75,0,0.6234839933474724,54.3761035159184,107.39354313800052
4.163716809077756,-8.43581152729771,1.7500000000000002,1,1.5928502200458916,29.752962301162903,22.26426667016168
-11.767792845995189,-4.511776247181768,1.7500000000000002,1,0.0,98.4925648590221,40.43538800258592
-2.558215836085911,-4.511776247181767,1.75,1,0.6735687216919587,98.49256485902218,40.43538800258593
-0.9703577309291386,6.050274660971721,1.7500000000000004,1,1.5462961706355751,119.01184920465175,44.652549684020535
-12.279436013212369,8.522244022454453,1.75,1,1.377616071563993,110.80413546639984,42.48196067145466
