x,y,z,RoomType,RoomQualit,RoomArea,RoomPrem
-16.95054532024337,-11.76168824560984,1.75,0,0.5759258813958443,68.34054236077804,134.48575480291336
2.629154199314263,-9.524481693886504,1.7500000000000004,1,1.591999710943369,30.02842012822059,22.37538905796453
10.79894208040488,5.093678854605967,1.7500000000000002,1,1.7285983642585256,120.11368051288218,44.8208042524669
-13.304578968341962,-5.564669707600356,1.75,1,0.0,99.40442525204044,40.65706151028536
-4.09371660564368,-5.564669707600356,1.7500000000000002,1,0.4728183427514672,99.40442525204044,40.65706151028536
-2.5585728785273005,5.564669707600356,1.75,1,1.0,107.68812735637728,42.79728799515769
-13.816293544047422,7.588185964909575,1.7499999999999998,1,1.3790783171502936,111.8299784085455,42.703919813107206
