vi,vj,adjacency
0,3,0.2272932675827932
0,2,0.1434659246392989
0,1,0.0
0,4,0.0946521383781335
2,3,0.3707591922220922
3,4,0.3219454059609268
