x,y,z,RoomType,RoomQualit,RoomArea,RoomPrem
-20.33204061725428,-13.975065904730982,1.75,0,0.4434331234897179,119.866050209841,232.7815392071929
7.629414256035449,3.077158932498429,1.7500000000000004,1,1.6360706399063534,118.84155405420084,44.52062835003214
12.680852918707318,-10.105669676045975,1.75,1,1.7268409430198894,118.84155405420084,44.52062835003214
-16.164603720549987,-7.605478043391003,1.7499999999999998,1,0.0,98.3516309414076,40.50213345940119
-14.14402825548124,3.5492230869158,1.75,1,0.0,98.35163094140756,40.47192540672579
-7.07201412774062,-7.605478043391003,1.7499999999999998,1,0.0,98.3516309414076,40.50213345940119
-3.1686297065850844,5.715631984124149,1.75,1,0.8807620957404185,101.42511940832654,42.52270892446995
2.0205754650687484,-7.605478043391002,1.7499999999999998,1,0.5003729192772732,98.35163094140748,40.50213345940118
-14.649172121748428,12.675796738985005,1.7500000000000002,1,1.310238944239096,106.547600186525,42.49250087179454
