x,y,z,RoomType,RoomQualit,RoomArea,RoomPrem
-10.483939111315236,-9.707351028995593,1.75,0,0.5454545454545454,47.17496565767101,91.11966832550527
-4.141803105704785,-5.177253882130982,1.7499999999999998,1,0.0,102.92719779855489,41.418031057047855
7.117514449172593,-3.47892106659082,1.75,1,1.4318181818181817,114.72093921297264,45.55983416275264
-4.659528493917884,4.141803105704787,1.7500000000000002,1,1.3095238095238095,111.50446428176777,43.488932609900246
