x,y,z,RoomType,RoomQualit,RoomArea,RoomPrem
-12.222997764928085,-11.46693604750985,1.75,0,0.5454545454545454,44.71411574044061,88.71124151040587
-6.048493739345856,-7.056576029236835,1.7500000000000002,1,0.0,97.55807070641605,40.32329159563904
7.056576029236831,-7.56061717418232,1.7500000000000002,1,1.2857142857142858,109.75282954471808,42.33945617542099
6.604677071699497,1.5468848931085672,1.7499999999999998,1,1.4545454545454546,117.8826687702527,44.35562075520295
-6.552534884291345,2.016164579781953,1.7499999999999998,1,1.1904761904761905,105.68790993195076,42.33945617542099
