vi,vj,adjacency
0,4,0.0952380952380951
0,3,0.2272727272727271
0,1,-1.0012016567211963e-16
0,2,0.1428571428571428
2,3,0.3701298701298702
3,4,0.3225108225108225
