x,y,z,RoomType,RoomQualit,RoomArea,RoomPrem
-11.055870448063216,-4.020316526568442,1.75,0,0.4528301886792452,53.539755225710486,106.53838795406374
-2.945921592744116,7.624738240043599,1.75,1,1.5000000000000004,29.295337765011396,22.11174089612644
-7.53809348731583,-8.543172618957943,1.7500000000000002,1,0.0,96.9776698427961,40.20316526568443
1.6622462561773366,0.1546275587141713,1.75,1,1.0952380952380951,105.05914232969585,42.21332352896866
-10.050791316421105,2.512697829105276,1.7499999999999996,1,1.0714285714285714,109.09987857314565,42.21332352896864
5.52793522403161,-9.045712184778996,1.7499999999999998,1,1.380952380952381,109.09987857314572,42.21332352896864
