x,y,z,RoomType,RoomQualit,RoomArea,RoomPrem
-7.053749858285689,2.7711160157551027,1.75,0,0.3552631578947369,85.29494925131186,153.16713977991787
-10.0767855118367,-11.084464063020372,1.75,1,0.0,97.47994200149968,40.3071420473468
-0.8526510817707981,-2.364168908546305,1.7499999999999998,1,0.4285714285714286,105.60327050162464,42.32249914971416
-12.595981889795878,3.7486889188474e-16,1.7500000000000002,1,1.0714285714285714,109.66493475168711,42.32249914971415
3.0230356535510112,-11.588303338612208,1.75,1,1.3809523809523812,109.66493475168711,42.32249914971415
11.729566686908989,-1.8882200889002416,1.75,1,1.3181818181818183,108.6495186891714,44.3378562520815
10.58062478742854,10.076785511836706,1.75,1,1.5714285714285716,109.66493475168716,42.32249914971416
-1.5115178267755052,7.053749858285692,1.75,1,1.3095238095238095,105.60327050162456,42.32249914971415
