vi,vj,adjacency
0,2,0.1384275905192919
0,3,0.2418732967592675
0,1,0.0929100627793596
1,3,0.3347833595386272
2,3,0.3803008872785595
