x,y,z,RoomType,RoomQualit,RoomArea,RoomPrem
-4.511120368379219,-6.242339490083689,1.7500000000000004,0,0.9549512492018934,22.94514022374816,46.18951232084695
-10.081995997901496,-1.605173011735805,1.7500000000000002,1,1.2305820269043255,109.5108965224342,44.79126948755323
10.059279901903093,0.0538132714662378,1.75,1,1.6325414990383482,120.98346663430826,45.09461926387954
1.0024711929731611,0.5201949575069736,1.75,1,1.096749318703707,112.63977928021782,43.01383943385163
