x,y,z,RoomType,RoomQualit,RoomArea,RoomPrem
-19.40460962803341,-8.19429631721007,1.75,0,0.8052571110825242,46.19828591074402,93.21787355605429
-18.252837999461608,7.146643578511061,1.7499999999999998,1,1.635364587221838,29.77222869803517,22.28181267588691
-5.037081255620657,4.573156353159148,1.7499999999999998,1,1.5675965795317883,119.08891479214078,44.62013309426933
8.196226293989012,-4.503602644365853,1.7500000000000002,1,1.728347263810487,119.08891479214084,44.620133094269335
-15.77817438607306,-2.017057555005554,1.7499999999999991,1,0.3763955341300763,98.55634327625448,40.49183841343241
-4.580760305634115,-4.034115110011111,1.7500000000000002,1,0.5,98.55634327625438,40.567182070093054
