x,y,z,RoomType,RoomQualit,RoomArea,RoomPrem
-11.45190076408529,-6.807569248143748,1.75,0,0.587753199314642,45.17165733494991,83.13258578102653
-16.324503596836767,-2.077199179352051,1.7499999999999998,1,0.8857389666179545,111.90251476158056,44.544789437608685
8.196226293989012,-4.503602644365853,1.7500000000000002,1,1.728347263810487,119.08891479214084,44.620133094269335
-15.269201018780386,6.555437053768056,1.7500000000000002,1,1.251161864161003,25.66571439485797,20.26475512088137
-4.580760305634115,-4.034115110011111,1.75,1,0.5,98.55634327625438,40.567182070093054
-4.580760305634116,4.5383794987625015,1.75,1,1.2868516832181436,110.87588618578634,42.58423962509862
