x,y,z,RoomType,RoomQualit,RoomArea,RoomPrem
-21.314687093869303,-9.159322531140528,1.75,0,0.5610230741184984,67.04145912530392,133.07133435713817
-19.64623977709758,5.589912475311084,1.75,1,1.590134999927356,29.45761082778509,22.181293026593263
-17.70953230351159,-3.0112841198270237,1.75,1,0.3511008499276051,97.51484963680582,40.28184535039821
-6.577826284161448,-5.018806866378373,1.7500000000000002,1,0.0,97.5148496368058,40.34754056008382
6.577826284161448,-5.520687553016208,1.7499999999999996,1,1.4778523253099918,109.70420584140643,42.35506330663517
0.0903547566505711,5.7895522065721945,1.7500000000000002,1,1.363164653915919,113.76732457627344,44.313314645922304
-9.107759470377388,6.022568239654047,1.7500000000000002,1,1.213537011219861,109.70420584140648,42.30579189937097
