x,y,z,RoomType,RoomQualit,RoomArea,RoomPrem
-11.0195049192886,-9.006092058351912,1.75,0,0.4163142056116819,115.48238631630532,222.69963548956463
-17.531030553413668,-5.660972150964057,1.7500000000000002,1,0.0,98.98490255683322,40.51083880852511
-4.507979285163513,-5.660972150964058,1.7499999999999998,1,0.0,98.98490255683306,40.51083880852509
6.511525634125078,-3.6024368233407644,1.75,1,0.0,98.98490255683308,40.730794723172025
-5.008865872403902,3.602436823340763,1.7500000000000002,1,0.9031605269605648,107.23364443656916,42.51438515748666
15.527484204452104,-4.1170706552465886,1.7500000000000002,1,1.3043527732916234,107.23364443656908,42.78933005079532
8.15462088759589,7.589646605115794,1.7500000000000002,1,1.3445260333415248,110.3269226414702,44.57292048510994
-18.03191714065406,3.602436823340763,1.7500000000000002,1,1.1936789460788702,107.23364443656904,42.51438515748666
