vi,vj,adjacency
1,0,3.969476616883104e-17
1,2,0.0341944024683281
1,3,0.0358786083374533
2,3,0.0700730108057815
