vi,vj,adjacency
0,1,0.0340120023981641
0,3,0.0340120023981641
0,2,0.0
0,4,0.0711786889223255
1,4,0.1051906913204896
3,4,0.1051906913204897
