x,y,z,RoomType,RoomQualit,RoomArea,RoomPrem
-13.84545735108468,-2.0478454119825127,1.75,0,0.3869748361860554,63.92393059707392,125.77779081995897
-7.986094522255738,9.81553490570928,1.7500000000000002,1,1.5007595265906215,29.899903021212037,22.356495999956653
9.114564400400576,2.083153091499454,1.7500000000000002,1,1.6576202908926931,119.5996120848482,44.61110988080273
-12.58677941007698,-6.655497588943167,1.75,1,0.0,98.97898931159844,40.5493797632079
-3.5242982348215546,2.559806764978142,1.7500000000000002,1,0.6986599762928651,98.9789893115985,40.54937976320791
-15.104135292092376,4.607652176960655,1.7499999999999998,1,1.0719398674263092,111.35136297554834,42.699107294301015
0.5034711764030799,-7.167458941938794,1.7499999999999998,1,1.0709160525361607,111.35136297554826,42.59722517519042
