x,y,z,RoomType,RoomQualit,RoomArea,RoomPrem
-14.348603800054285,-3.068614488987192,1.75,0,0.4340126985858222,111.2345267812632,214.8388138637268
-14.09687390882526,-7.67153622246797,1.7499999999999998,1,0.0,98.87513491667798,40.53201349925117
-14.09687390882526,1.534307244493593,1.7499999999999998,1,0.0,98.87513491667798,40.53201349925117
-1.0069195649160902,-7.671536222467972,1.7500000000000002,1,0.0,98.87513491667808,40.53201349925116
-3.1580659081459186,3.719532713923863,1.7499999999999998,1,0.7842724324720961,101.96498288282424,42.67346808038712
12.083034778993078,-8.182971970632503,1.75,1,1.4729791552579463,111.2345267812628,42.57775649190928
5.627961139620289,3.342597925503902,1.7500000000000002,1,1.3645443607890326,115.35432406945768,44.71921107304525
-14.600333691283302,10.740150711455158,1.7499999999999998,1,1.3125411439795212,107.11472949306793,42.54585262908335
