x,y,z,RoomType,RoomQualit,RoomArea,RoomPrem
-14.544471583182151,-4.072869885324794,1.75,0,0.3327471122487077,115.41145956773904,223.98381531467425
15.097887862209287,0.0351109472872828,1.7500000000000004,1,1.5674219442910855,118.47548061820972,44.40765663311578
-15.547538588918847,-8.654848506315194,1.7500000000000002,1,0.0,98.04867361507016,40.365087678979975
-6.51993553728855,0.5091087356655991,1.75,1,0.0,98.04867361507011,40.36508767897999
-18.05520610326059,2.5455436783279985,1.7499999999999998,1,1.0718869865427885,110.304757816954,42.49242541520938
-2.5076675143417506,-8.654848506315194,1.75,1,0.0,98.04867361507006,40.365087678979975
4.377019661396506,2.684391515327708,1.75,1,0.8801883557620193,101.11269466554106,42.49242541520939
10.532203560235349,-9.163957241980798,1.7500000000000002,1,1.1655947382552962,110.30475781695375,42.40152262164238
-7.0214690401569,9.673065977646395,1.7499999999999998,1,1.2403087356720266,106.219396416326,42.37122169045339
