vi,vj,adjacency
0,4,0.2862947106996605
0,3,0.1431473553498302
0,2,-3.124346320582249e-17
0,1,0.1366280410998084
1,4,0.422922751799469
3,4,0.4294420660494909
