x,y,z,RoomType,RoomQualit,RoomArea,RoomPrem
-0.0626501837408809,2.373542152712405,1.7499999999999998,0,0.5562503816948099,50.27224664679255,69.4594543978396
14.326008682081094,6.015701662909026,1.7500000000000002,1,1.4948987222543957,25.649105432037047,20.25903278252536
-8.186290675474911,7.51962707863628,1.7500000000000002,1,1.3761519523920618,106.70027859727392,42.64731579638418
-10.232863344343642,-4.511776247181768,1.7499999999999998,1,1.2832120536729943,110.80413546639996,42.48196067145464
-1.0232863344343643,-4.511776247181766,1.7499999999999998,1,1.094404017890998,110.80413546639996,42.48196067145466
10.23286334434364,-2.506542359545425,1.7499999999999998,1,1.188075976196031,106.700278597274,42.6473157963842
