x,y,z,RoomType,RoomQualit,RoomArea,RoomPrem
0.7675718635581894,3.035274385963833,1.75,0,0.300758484503772,91.12072314770376,128.2984958034226
-9.081738123968863,5.928713520247106,1.7499999999999998,1,1.4339649779607373,110.79451564550344,44.72743607041643
3.070287454232762,8.599944093564186,1.7500000000000002,1,1.0,99.40442525204044,40.75042969233584
11.257720665520123,-1.5176371929819157,1.75,1,0.0,99.40442525204053,40.75042969233584
0.1395585206469437,-3.6791204678349456,1.75,1,0.9999999999999998,102.5108135411668,42.70391981310721
12.792864392636508,7.082306900582272,1.7500000000000004,1,1.4971326907182871,25.88656907605223,20.351872800655315
11.769435241225583,-10.623460350873406,1.75,1,1.3073291857651848,107.68812735637717,42.79728799515768
