x,y,z,RoomType,RoomQualit,RoomArea,RoomPrem
7.942091142396634,2.8399115385051195,1.7499999999999998,0,0.268270050651315,107.50430443859112,166.75443447852754
1.5277018720269722,5.582231615205931,1.7500000000000004,1,0.0,99.23474255869982,40.65431550130754
-9.67544518950416,8.11960962211772,1.7499999999999998,1,1.2861377217073504,111.63908537853708,42.71235160219643
-9.439015137880938,-1.1055718458687052,1.75,1,1.3638364032538737,115.77386631848309,44.74928743156572
1.8391750692363535,-7.784577186253638,1.7499999999999998,1,1.0713226601091963,106.47060920360488,42.69125133067684
13.74931684824275,8.627085223500078,1.7500000000000002,1,1.0,99.23474255869982,40.682449196666994
12.730848933558104,-1.5224268041470723,1.75,1,0.0,99.2347425586998,40.68244919666701
13.240082890900428,-10.656987629029503,1.7500000000000002,1,1.2138270674850578,107.50430443859138,42.71938502603629
