vi,vj,adjacency
0,2,0.0
0,3,0.0357142857142856
0,1,0.034090909090909
1,3,0.0698051948051947
