vi,vj,adjacency
0,1,0.1428571428571429
0,3,1.8355363706555258e-17
0,4,0.0952380952380952
0,2,0.2272727272727273
1,2,0.3701298701298701
2,4,0.3225108225108224
