vi,vj,adjacency
0,4,-1.3192798562566506e-16
0,5,0.0952380952380951
0,1,0.0909090909090908
0,2,-4.776702927825804e-17
0,3,-4.776702927825804e-17
1,5,0.1861471861471861
