x,y,z,RoomType,RoomQualit,RoomArea,RoomPrem
6.367408243323119,5.03124226480195,1.7500000000000004,0,0.3095238095238093,64.85236970534055,85.91052365602806
-11.285454667458534,-2.0983892272305704,1.75,1,1.5681818181818183,121.33669170676636,45.00075048649089
13.225142188427965,-7.75875008387774,1.75,1,1.6363636363636365,30.334172926691625,22.500375243245447
-4.602349481572931,9.204698963145864,1.7500000000000002,1,1.0714285714285714,112.96864400285152,42.95526182801404
9.716071127765076,9.716071127765078,1.75,1,1.0,100.41657244697916,40.909773169537175
8.693326798526652,-0.5113721646192153,1.7500000000000002,1,0.6999999999999998,100.41657244697907,40.90977316953717
-2.0454886584768586,-2.5568608230960743,1.75,1,1.0952380952380951,112.9686440028514,42.95526182801403
