x,y,z,RoomType,RoomQualit,RoomArea,RoomPrem
-0.2519196377959161,4.030714204734683,1.75,0,0.0724637681159418,107.63410262665596,139.0596400633465
1.6911041032240814,-10.15161312702361,1.75,1,1.1666666666666663,102.55702231407784,42.32249914971416
1.00767855118367,-1.0076785511836697,1.7500000000000002,1,0.0,97.47994200149968,40.307142047346815
-10.076785511836706,10.58062478742854,1.7500000000000002,1,1.1904761904761905,105.60327050162448,42.32249914971416
-10.076785511836704,-2.519196377959177,1.7500000000000002,1,1.1904761904761905,105.60327050162464,42.32249914971416
-2.707386441389788e-16,11.084464063020372,1.75,1,0.8,97.47994200149978,40.307142047346815
12.59598188979588,-3.0230356535510112,1.75,1,1.0714285714285714,109.66493475168706,42.32249914971416
10.58062478742854,9.069106960653034,1.7500000000000002,1,1.1904761904761905,105.60327050162468,42.32249914971416
