x,y,z,RoomType,RoomQualit,RoomArea,RoomPrem
-21.97639901517213,-10.164018180140014,1.75,0,0.5493390298306465,73.20758418265721,143.24159239218207
20.07000739218392,5.199576301669182,1.7499999999999998,1,1.6335735732654646,119.60675725617324,44.79287639975686
-17.531030553413668,-5.660972150964057,1.7500000000000002,1,0.0,98.98490255683322,40.51083880852511
-4.507979285163512,-6.175605982869881,1.75,1,1.0,111.35801537643732,42.56937413614839
11.019504919288597,5.660972150964057,1.75,1,1.0,111.35801537643728,42.73434107213359
2.003546348961565,5.660972150964059,1.75,1,1.0963410351477554,111.35801537643724,42.7343410721336
-9.015958570327028,3.602436823340763,1.7500000000000002,1,1.0,107.23364443656904,42.51438515748666
-20.035463489615623,5.660972150964058,1.75,1,1.3853641405910213,111.35801537643738,42.7343410721336
