vi,vj,adjacency
0,1,0.0903750428473739
0,4,0.094831663383938
0,2,8.215862966697478e-17
0,3,8.215862966697478e-17
1,4,0.1852067062313117
