x,y,z,RoomType,RoomQualit,RoomArea,RoomPrem
-1.7791075601798774,2.264775667522546,1.75,0,0.4068901466844249,52.18876320564841,64.8631864942469
12.25768800646382,-2.976562305886778,1.7499999999999998,1,1.2263894939398878,107.4474536586879,44.55066051999573
-10.674645361079271,6.542685261731804,1.7499999999999998,1,1.573863698557196,110.51738090607908,42.51739473693301
3.5582151203597565,7.045968743403482,1.7500000000000002,1,1.0,98.23767191651469,40.50426081024629
1.0166328915313605,-5.032834816716773,1.7499999999999996,1,1.379326653535752,110.51738090607898,42.45699916780498
