x,y,z,RoomType,RoomQualit,RoomArea,RoomPrem
13.022035585827808,2.597437323191116,1.75,0,0.3929486044914362,54.41131451709893,66.82660211349561
17.726313826400215,-9.650577095069682,1.75,1,1.5900260631351566,29.77222869803516,22.30064859005209
0.5089733672926774,6.555437053768054,1.75,1,1.2868516832181438,110.87588618578626,42.58423962509861
0.9652943172792188,-2.5560987981535925,1.7500000000000002,1,1.454583830850375,119.0889147921408,44.620133094269335
14.76022765148771,7.059701442519444,1.7500000000000009,1,1.0,98.55634327625457,40.567182070093054
13.742280916902349,-3.0255863325083334,1.7499999999999998,1,0.6756500397238749,98.55634327625454,40.56718207009306
