vi,vj,adjacency
0,3,0.0358786083374534
0,1,0.034194402468328
0,2,-4.366719265724201e-17
1,3,0.0700730108057815
