x,y,z,RoomType,RoomQualit,RoomArea,RoomPrem
-4.303099195402635,2.7686571698606963,1.75,0,0.3441802952068961,53.00688212865117,64.68542135459919
9.676549115039872,-2.47381315956384,1.7499999999999998,1,1.226770578979948,107.03312737516124,44.44696179385082
-11.009688650579363,4.892784123458153,1.75,1,1.4328761159949843,109.07185361087852,44.40128577044169
1.0124939283300307,7.550883190529168,1.75,1,1.0,97.8588593144332,40.408405086383
-1.518740892495048,-4.530529914317499,1.7500000000000002,1,1.3087733542022435,110.09121672873718,42.3877169196339
