vi,vj,adjacency
0,4,0.1306348806240261
0,3,7.142155420707692e-17
0,1,0.0906054663599685
0,2,0.0340120023981641
1,4,0.2212403469839945
2,4,0.1646468830221902
