x,y,z,RoomType,RoomQualit,RoomArea,RoomPrem
-6.037108978706383,-6.600510971110152,1.75,0,0.454089496417742,114.43529367555858,221.99159351730376
-23.64534349993332,-11.04316258628044,1.75,1,0.0,98.08739457905004,40.39584753601974
-19.117511765903537,-6.600510971110152,1.75,1,0.0,98.08739457905008,40.395847536019744
7.043293808490779,-6.600510971110152,1.75,1,0.0,98.08739457905004,40.39584753601974
20.12369659568794,-7.10824258427247,1.7500000000000002,1,1.3794527785885848,110.34831890143138,42.42677398866901
15.77554072411965,2.21225917163582,1.7500000000000002,1,1.363940056471219,114.4352936755583,44.4391436482378
2.5154620744609906,2.538658065811596,1.7499999999999996,1,1.0,106.2613441273043,42.40821719558853
-8.552571053167375,4.569584518460871,1.75,1,1.19122500909419,110.34831890143128,42.48244436791046
-19.620604180795738,2.538658065811596,1.7499999999999998,1,1.1915597105421862,106.2613441273042,42.40821719558853
