x,y,z,RoomType,RoomQualit,RoomArea,RoomPrem
-10.030670057366995,4.327424253157599,1.75,0,0.1851073600340062,106.21939641632568,141.21720501405193
-18.08979462069979,-3.107318834924523,1.7500000000000002,1,1.63617805132378,118.47548061820996,44.528860357871785
-5.51686853155185,9.673065977646395,1.75,1,0.0,98.0486736150701,40.486291403735976
-14.544471583182146,10.182174713311994,1.75,1,1.0943558508046285,106.21939641632608,42.52272634639837
4.513801525815148,10.691283448977591,1.75,1,0.7988025208478855,98.04867361507002,40.486291403735976
15.046005086050492,8.654848506315195,1.75,1,1.1922469885376212,106.21939641632608,42.37122169045338
-7.0214690401569,-1.527326206996798,1.7500000000000002,1,1.0,106.219396416326,42.3712216904534
6.0184020344202,-1.5273262069967977,1.75,1,1.0,106.21939641632603,42.37122169045341
17.0521390975239,-3.563761149659197,1.75,1,1.3833972615615384,110.30475781695378,42.492425415209375
