vi,vj,adjacency
0,3,0.1425562852579208
0,1,0.0341593865932034
0,2,0.1702793910251071
1,2,0.2044387776183105
2,3,0.3128356762830279
