vi,vj,adjacency
0,2,0.0376067398273104
0,3,2.9051861064245804e-17
0,1,7.272452892755739e-17
0,4,0.0341570102749521
2,4,0.0717637501022625
