x,y,z,RoomType,RoomQualit,RoomArea,RoomPrem
-3.4634306703932327,-1.0026169438181722,1.7500000000000002,0,0.3741689225879858,66.68767412329612,80.82943722393945
-14.793796720679664,6.072994059698635,1.7499999999999998,1,1.2290889471480195,107.72624281455556,44.487194559091
-12.462165715789936,-5.192123459058383,1.7500000000000002,1,1.3629630634915395,114.90799233552583,44.65254968402054
-2.5582158360859104,4.51177624718177,1.75,1,1.0,98.49256485902217,40.60074312751547
-1.5349295016515463,-7.519627078636281,1.7500000000000002,1,0.8016357466377617,98.49256485902212,40.43538800258592
6.651361173823369,-10.527477910090791,1.75,1,1.404907239913285,24.62314121475551,20.217694001292955
