x,y,z,RoomType,RoomQualit,RoomArea,RoomPrem
-5.9689954999872485,2.1326822741638383,1.7500000000000002,0,0.0871265634799987,81.6619235639302,93.51617913115108
13.292762265797904,3.079851925630858,1.7499999999999996,1,1.6593945406532011,119.90864725842891,44.74928743156572
-16.8047205922967,9.134560824882437,1.7500000000000002,1,1.1908842124098546,107.50430443859142,42.68421790683698
-16.33060621821936,-4.1123022870639305,1.7499999999999998,1,1.454531157012546,119.9086472584289,44.72115373620626
-6.620041445450213,9.642036426264792,1.75,1,0.8002768089440202,99.23474255869957,40.65431550130752
-7.638509360134863,-4.567280412441218,1.75,1,0.7004152134160305,99.23474255869958,40.65431550130752
4.583105616080916,-6.08970721658829,1.75,1,1.0715344304268375,111.63908537853712,42.71235160219642
2.1936232008592405,5.73837795409281,1.7499999999999998,1,1.0,107.50430443859136,42.69125133067684
