vi,vj,adjacency
0,3,0.0358786083374534
0,2,0.0341944024683281
0,1,3.969476616883104e-17
2,3,0.0700730108057815
