x,y,z,RoomType,RoomQualit,RoomArea,RoomPrem
-13.30826298421782,-7.53371375910473,1.75,0,0.5454852515891258,45.574491263022566,89.50080883938165
-7.097740258249503,-3.0645615291273463,1.75,1,0.0,99.43525366477635,40.67943761220129
3.927921678296956,-1.389076954791369,1.7500000000000002,1,1.430430603943157,110.82887648053207,44.8108653450786
-7.604721705267325,6.129123058254697,1.7499999999999998,1,1.3109479389245964,107.72152480350783,42.70736340027258
