vi,vj,adjacency
1,0,3.9348463095124057e-17
1,2,0.0341593865932035
1,3,0.0358229541646829
2,3,0.0699823407578864
