x,y,z,RoomType,RoomQualit,RoomArea,RoomPrem
-6.14365752568801,-3.6014482110474244,1.7499999999999998,0,0.5454748532144803,46.35937303941875,90.28849920292674
-12.415307916494516,-8.103258474856705,1.75,1,0.0,101.14772299509548,41.03839335325455
4.990525544620398,-1.913720144188083,1.75,1,1.4309000760466797,112.7375662549502,45.184587859130616
-6.65562898616201,5.659418617360241,1.7499999999999998,1,1.3104656027605857,109.57669991135349,43.08627919515056
