vi,vj,adjacency
1,0,-1.0012016567211963e-16
1,2,0.2272727272727273
1,4,0.1428571428571429
1,3,0.0952380952380952
2,4,0.3701298701298702
2,3,0.3225108225108226
