vi,vj,adjacency
1,0,7.993153042222143e-17
1,2,0.0954688181015916
1,3,0.1819117008614351
1,4,0.0949049185631007
2,3,0.2773805189630268
3,4,0.2768166194245359
