x,y,z,RoomType,RoomQualit,RoomArea,RoomPrem
-14.51725034853139,-1.0195394592895823,1.75,0,0.6233913770557622,54.09987636191698,107.11699412050866
-15.449392463657071,10.793055655238,1.7500000000000002,1,1.638313267106594,29.601819141426382,22.24637030356561
-11.013086471299674,-5.607467026092706,1.7499999999999998,1,0.0,97.9922288819633,40.3411836496508
-11.01308647129967,3.56838810751354,1.7499999999999998,1,0.6985444329852186,97.99222888196334,40.34118364965079
2.002379358418123,-6.117236755737498,1.7500000000000002,1,1.37798337944592,110.24125749220867,42.380262568229966
-0.4660710575628395,5.150432096066344,1.75,1,1.5462037854266786,118.40727656570571,44.52944016729227
