x,y,z,RoomType,RoomQualit,RoomArea,RoomPrem
-13.84545735108468,-2.047845411982512,1.75,0,0.5335079290929312,63.92393059707402,125.77779081995897
-17.04857569751117,9.815534905709288,1.7500000000000004,1,1.6381588810323784,29.899903021212097,22.356495999956657
9.114564400400576,2.083153091499454,1.7500000000000002,1,1.6576202908926931,119.5996120848482,44.61110988080273
-12.58677941007698,-6.655497588943167,1.75,1,0.0,98.97898931159844,40.5493797632079
-12.58677941007698,2.559806764978142,1.75,1,0.6986599762928651,98.97898931159853,40.5493797632079
0.5034711764030799,-7.167458941938794,1.7499999999999998,1,1.0709160525361607,111.35136297554826,42.59722517519042
-2.0138847056123166,4.607652176960657,1.7500000000000002,1,1.191839646470158,111.35136297554833,42.699107294301015
