x,y,z,RoomType,RoomQualit,RoomArea,RoomPrem
-19.38320162463473,-11.890881144825356,1.75,0,0.4021910996291172,85.48579373004483,166.34715543362466
10.607376795926395,3.121521635349035,1.75,1,1.5671927498548035,119.47412135765276,44.71921107304525
-16.110713038657437,-5.625793229809845,1.75,1,0.0,98.87513491667816,40.65962895055495
-7.0484369544126295,-5.625793229809846,1.7500000000000002,1,0.0,98.87513491667816,40.65962895055494
4.027678259664361,-8.182971970632503,1.7499999999999998,1,1.070946873288692,111.23452678126286,42.57775649190928
1.6652900496689187,3.7374150827408057,1.7500000000000002,1,0.9041210810987094,107.11472949306788,42.67346808038712
-7.551896736870675,7.671536222467971,1.7500000000000002,1,1.0958789189012907,111.2345267812627,42.67346808038711
-16.614172821115478,7.671536222467972,1.75,1,1.2876367567038718,111.23452678126291,42.67346808038712
