vi,vj,adjacency
0,3,0.0358229541646828
0,1,0.0341593865932034
0,2,-1.8034040828483558e-17
1,3,0.0699823407578863
