vi,vj,adjacency
0,2,3.1201106379902334e-17
0,4,0.1431473553498303
0,3,3.1201106379902334e-17
0,1,0.1366280410998084
1,4,0.2797753964496388
