x,y,z,RoomType,RoomQualit,RoomArea,RoomPrem
1.407215083190012,3.7940929824547873,1.75,0,0.1211068936605235,60.05684025644118,67.21953535594405
-4.6407218417426215,-7.134639217581647,1.7500000000000004,1,1.544980115367793,120.11368051288228,44.72743607041642
4.60543118134914,-3.5411534502911346,1.7499999999999991,1,0.9052304207124268,111.82997840854554,42.703919813107206
-5.117145757054601,6.070548771927658,1.7500000000000002,1,1.191830421225078,107.68812735637728,42.68057776759459
7.164004059876442,8.599944093564186,1.7499999999999998,1,0.8758592073392423,99.40442525204044,40.75042969233585
15.863151846869265,7.082306900582271,1.7500000000000002,1,1.2485663453591438,25.88656907605224,20.3518728006553
13.816293544047424,-3.541153450291135,1.7500000000000002,1,1.2843087378627205,111.82997840854549,42.703919813107206
