x,y,z,RoomType,RoomQualit,RoomArea,RoomPrem
5.763856879808712,5.275515592392423,1.7500000000000002,0,0.3714539788433036,94.06626638376764,142.36747191681488
-11.238266644796122,-7.157155895358077,1.75,1,1.6360919832383702,119.90864725842874,44.721153736206254
13.187403516002949,-10.18451034498386,1.7499999999999998,1,1.6360064227609403,119.90864725842891,44.74928743156572
-1.7845475086517474e-15,-1.522426804147072,1.75,1,0.9049657477844186,107.50430443859136,42.71938502603629
-0.5092339573423245,7.612134020735362,1.75,1,0.0,99.2347425586998,40.68244919666701
-11.712381018873458,6.08970721658829,1.7500000000000002,1,1.1908842124098546,107.50430443859132,42.68421790683696
13.74931684824275,8.627085223500078,1.7500000000000002,1,1.0,99.23474255869982,40.682449196666994
12.730848933558107,-1.5224268041470723,1.7500000000000004,1,0.5000000000000001,99.2347425586998,40.68244919666701
