vi,vj,adjacency
0,4,0.0340247508941412
0,1,0.1366280410998085
0,3,0.187677731081207
0,2,0.0
1,3,0.3243057721810155
3,4,0.2217024819753482
