vi,vj,adjacency
0,1,0.0909090909090909
0,2,1.509532798622967e-17
0,3,0.0952380952380952
1,3,0.1861471861471861
