vi,vj,adjacency
0,3,0.1428571428571428
0,1,0.1363636363636362
0,4,0.2857142857142857
0,2,-4.195511704355489e-17
1,4,0.422077922077922
3,4,0.4285714285714286
