x,y,z,RoomType,RoomQualit,RoomArea,RoomPrem
5.914666000415011,1.8236886834612929,1.7500000000000002,0,0.3548387096774194,86.81849492811739,126.82029682556524
-9.716071127765082,9.204698963145864,1.7500000000000002,1,1.4523809523809526,112.9686440028514,42.95526182801404
-5.71326142540088,1.974954566805241,1.7499999999999998,1,1.4090909090909092,30.334172926691583,22.50037524324545
4.60234948157293,9.71607112776508,1.75,1,1.0,100.4165724469792,40.909773169537175
10.73881545700351,-2.556860823096073,1.7499999999999998,1,0.0,100.41657244697898,40.909773169537175
1.534116493857644,-2.5568608230960748,1.7499999999999998,1,0.825,100.41657244697912,40.909773169537175
9.061323589888138,-13.678010608786847,1.7499999999999998,1,1.4318181818181817,111.9226380398621,45.000750486490894
