x,y,z,RoomType,RoomQualit,RoomArea,RoomPrem
4.0307142047346805,5.542232031510187,1.75,0,0.2571428571428571,95.44910987646826,141.07499716571385
-1.00767855118367,1.5115178267755065,1.7500000000000004,1,0.5714285714285714,105.60327050162468,42.32249914971416
-11.748818506057397,-0.3611591267516693,1.7500000000000004,1,1.590909090909091,114.74201506426532,44.33785625208149
10.076785511836706,-1.00767855118367,1.75,1,0.0,97.4799420014997,40.30714204734682
-3.0230356535510103,12.595981889795876,1.7499999999999996,1,1.380952380952381,109.6649347516871,42.32249914971416
9.069106960653036,11.084464063020372,1.75,1,1.0,97.47994200149968,40.307142047346815
-2.519196377959176,-10.076785511836704,1.75,1,1.1904761904761905,105.60327050162466,42.32249914971416
10.58062478742854,-10.076785511836706,1.7500000000000002,1,1.1904761904761905,105.60327050162452,42.32249914971416
