x,y,z,RoomType,RoomQualit,RoomArea,RoomPrem
4.50466672678431,3.1391538663365632,1.7499999999999998,0,0.2363636363636364,136.91166447424587,223.2117670206757
-3.3267853535349367e-18,-3.043796823009212,1.75,1,0.0,98.82345706411716,40.58395764012285
7.094625696849424e-18,10.145989410030715,1.75,1,0.0,98.8234570641172,40.58395764012285
-9.13139046902764,10.653288880532246,1.7500000000000002,1,1.1904761904761905,107.05874515279352,42.61315552212898
-9.13139046902764,-2.536497352507678,1.75,1,1.119047619047619,107.05874515279348,42.61315552212899
-1.6641319079069048,-14.076375027280925,1.75,1,1.3409090909090908,110.14697818604716,44.64235340413513
11.66788782153532,-10.145989410030712,1.75,1,1.0952380952380951,107.05874515279356,42.61315552212898
11.160588351033782,-1.0145989410030725,1.75,1,0.0,98.82345706411718,40.58395764012284
10.145989410030712,11.16058835103378,1.7500000000000002,1,1.0,98.82345706411712,40.58395764012284
