vi,vj,adjacency
0,1,0.0929100627793595
0,2,0.0929100627793596
1,2,0.1858201255587194
