x,y,z,RoomType,RoomQualit,RoomArea,RoomPrem
8.019769543785284,2.080779830027896,1.7499999999999998,0,0.9260693711328696,13.5584919503966,28.145030847330062
-4.061736730149876,-2.1166553443387213,1.7500000000000002,1,1.7229629417059946,120.98346663430826,44.79126948755322
9.079524804928331,-2.5563866483199877,1.75,1,1.2305820269043255,109.5108965224342,44.79126948755322
