vi,vj,adjacency
0,2,0.0339520109329749
0,3,1.1902450688247178e-16
0,4,0.1778093688448838
0,1,0.1358080437318996
1,4,0.3136174125767834
2,4,0.2117613797778587
