x,y,z,RoomType,RoomQualit,RoomArea,RoomPrem
-13.302722347646732,-2.0052338876363414,1.75,0,0.62179870109993,54.37610351591839,107.35220435676814
-13.726151175688535,9.092698490488925,1.75,1,1.588971559249745,29.752962301162924,22.305605451394072
-9.721220177126456,-6.517010134818109,1.75,1,0.0,98.49256485902218,40.60074312751547
-9.721220177126458,2.506542359545425,1.7499999999999998,1,0.6764254491240118,98.49256485902218,40.60074312751546
3.581502170520276,-7.0183186067271945,1.75,1,1.2882092343251623,110.80413546640004,42.605977015151815
3.12278760680832,2.0398068856990355,1.75,1,1.4546296170635578,119.01184920465164,44.65254968402053
