x,y,z,RoomType,RoomQualit,RoomArea,RoomPrem
10.625719382106949,3.2622244631459383,1.75,0,0.4191615944927427,76.18347627875463,110.93931273780908
-15.2319425625277,7.49359783842012,1.7499999999999998,1,1.7282147501493808,117.83044331114014,44.37900985560792
2.617172261602696,-3.582389728759734,1.75,1,1.590134999927356,29.457610827785075,22.181293026593263
4.691876090800471,4.881930315477142,1.75,1,0.3821447599091107,100.56218868795584,42.30579189937095
-4.553879735188697,5.0188068663783705,1.7500000000000002,1,0.800652355512655,97.51484963680568,40.2818453503982
16.69755902902521,8.030090986205396,1.7499999999999998,1,1.0,97.51484963680568,40.34754056008381
16.19157239178202,-2.007522746551348,1.7500000000000002,1,1.3079641226421497,105.64108710653944,42.371487109056574
