x,y,z,RoomType,RoomQualit,RoomArea,RoomPrem
0.912726670082488,5.889698298477757,1.7500000000000002,0,0.3452030352385881,92.79834614703118,139.45445560890593
-16.062914694260797,-7.258111629292478,1.75,1,1.638484084318247,119.60675725617328,44.79287639975688
19.07045263346441,-3.5410584764162167,1.7499999999999998,1,1.4123831835467515,112.3891081114043,44.79287639975689
-5.008865872403904,-1.5439014957174706,1.7499999999999998,1,0.9031605269605648,107.23364443656912,42.51438515748666
-5.509752459644294,7.71950747858735,1.75,1,0.0,98.98490255683316,40.51083880852509
-16.529257378932883,6.17560598286988,1.7500000000000002,1,1.1872940143333066,107.23364443656922,42.789330050795314
8.515071983086637,8.748775142399001,1.7500000000000002,1,1.0,98.98490255683306,40.51083880852509
8.014185395846248,-1.5439014957174708,1.7499999999999998,1,1.0,107.2336444365692,42.51438515748666
