vi,vj,adjacency
0,2,-3.806001267615789e-17
0,3,0.0956762888998757
0,1,0.0911850732488748
1,3,0.1868613621487507
