vi,vj,adjacency
0,3,-1.3313940510954328e-17
0,4,0.0355893444611628
0,1,0.1360480095926564
0,2,0.1781384735782175
1,2,0.3141864831708739
2,4,0.2137278180393803
