x,y,z,RoomType,RoomQualit,RoomArea,RoomPrem
2.265620293813856,3.0717681179737704,1.75,0,0.3027976212785302,90.7307402022987,127.82563623194147
-7.425023517421115,5.999995669687083,1.7499999999999998,1,1.4286961368919897,110.3203318368858,44.74695270628352
4.531240587627711,8.703343000925678,1.75,1,1.0,98.9789893115986,40.5493797632079
12.58677941007698,-1.5358840589868858,1.7499999999999998,1,0.0,98.97898931159864,40.5493797632079
1.6477238500464408,-3.723355294513658,1.75,1,1.0,102.07208272758604,42.699107294301
14.097192939286218,7.167458941938793,1.7499999999999998,1,1.5041805715036416,25.77577846656212,20.308650587974142
13.090250586480062,-10.751188412908192,1.75,1,1.3127343577614288,107.22723842089836,42.56326446882022
