x,y,z,RoomType,RoomQualit,RoomArea,RoomPrem
0.6293247280725559,2.812896614904923,1.75,0,0.2710370301778074,108.14467881511688,156.15034433315998
-14.635055055590756,6.084321831612528,1.7499999999999998,1,1.6347422128767275,119.47412135765266,44.71921107304525
16.65112399780965,-3.519053313058702,1.7499999999999998,1,1.1136525778712325,112.26447610331168,44.71921107304525
5.974043398033091,-10.777058445858785,1.75,1,0.9759583735400368,99.90508423872689,42.54585262908333
5.03459782458045,-1.5343072444935943,1.7500000000000002,1,0.0,98.87513491667804,40.53201349925117
-6.041517389496538,5.625793229809846,1.7499999999999998,1,0.5,98.8751349166782,40.65962895055495
-6.041517389496539,-7.160100474303438,1.7500000000000004,1,1.1886263051411947,107.11472949306798,42.70537194321308
6.041517389496538,8.694407718797034,1.75,1,1.0,98.87513491667808,40.53201349925115
