x,y,z,RoomType,RoomQualit,RoomArea,RoomPrem
8.024536045893594,-0.7636631034984047,1.75,0,0.2723306021834272,135.83826657087846,222.2200887527129
1.5046005086050496,11.709500920308791,1.75,1,0.0,98.04867361507014,40.36508767897999
-11.535270565972048,12.21860965597439,1.7499999999999998,1,1.473127823586561,110.30475781695375,42.40152262164239
-5.597113892010785,0.7738452782117111,1.7499999999999996,1,1.023588962701157,102.13403501569812,42.52272634639839
3.510734520078449,0.5091087356656002,1.75,1,0.0,98.0486736150701,40.486291403736
1.8655171415103091,-10.562816758669456,1.75,1,1.2511940875425795,109.28341746679688,44.407656633115785
14.544471583182148,-1.527326206996798,1.7500000000000002,1,0.0,98.04867361507036,40.36508767898
13.541404577445448,10.691283448977597,1.75,1,1.0,98.04867361507004,40.486291403735976
15.046005086050492,-10.6912834489776,1.75,1,1.192246988537621,106.21939641632598,42.37122169045338
