vi,vj,adjacency
0,1,7.86969261902481e-17
0,2,0.0341593865932035
0,3,0.035822954164683
2,3,0.0699823407578864
