vi,vj,adjacency
1,0,7.940142629913967e-17
1,3,0.0950444891401842
1,4,0.0954315702332202
1,2,0.1818965915328696
2,3,0.2769410806730539
2,4,0.2773281617660899
