x,y,z,RoomType,RoomQualit,RoomArea,RoomPrem
-3.384908069393102,-0.995050198788927,1.7500000000000002,0,0.0728690908712403,105.43691396861854,111.81343447627546
-13.292762265797911,-11.199461547748577,1.75,1,1.545597430895624,119.90864725842872,44.74928743156573
-16.804720592296704,9.134560824882437,1.7499999999999998,1,1.310186845166014,107.50430443859145,42.68421790683698
-9.814327177870249,-2.3989755701711446,1.75,1,0.6900174681503705,102.33582826365902,42.71235160219643
-6.620041445450216,9.642036426264792,1.7500000000000002,1,0.9251038033540075,99.23474255869958,40.65431550130752
2.407287798345531,0.645878038123001,1.7499999999999998,1,1.0,102.335828263659,42.69125133067683
-0.5092339573423246,-11.671938831794218,1.7499999999999998,1,0.8004149262777684,99.23474255869982,40.68244919666701
11.583882730572125,-8.992277945990182,1.75,1,1.4324651451823027,110.60539014355078,44.72115373620626
