x,y,z,RoomType,RoomQualit,RoomArea,RoomPrem
-4.041150930137496,-7.858993978170703,1.75,0,0.2951973733402284,110.64558480908312,178.19579359766135
-8.082301860274994,-0.5070318695594,1.75,1,0.174608434758863,98.35163094140762,40.50213345940119
9.63257096709498,-9.179025224782247,1.7499999999999998,1,1.5679468094303777,118.84155405420104,44.55083640270755
-11.113165057878115,-11.154701130306805,1.75,1,1.2377144647958347,110.64558480908356,42.5000528849634
-18.185179185618736,3.14385444882781e-16,1.7499999999999998,1,1.3088093097337112,106.547600186525,42.53026093763879
-6.061726395206243,10.647669260747405,1.75,1,0.0,98.3516309414076,40.47192540672579
1.0102877325343729,-9.633605521628605,1.75,1,0.6995524968672721,98.3516309414076,40.50213345940121
3.1862920795314884,1.872117672219324,1.75,1,0.690971195765415,106.54760018652502,42.5000528849634
7.0720141277406166,11.154701130306805,1.7500000000000002,1,1.380343143673335,110.64558480908336,42.50005288496338
