vi,vj,adjacency
0,3,0.0357142857142857
0,1,1.949476849558539e-17
0,2,0.0340909090909091
2,3,0.0698051948051949
