x,y,z,RoomType,RoomQualit,RoomArea,RoomPrem
-6.600998699717004,-2.200332899905668,1.75,0,0.5454545454545454,47.17496565767082,91.11966832550527
-2.0709015528523933,4.141803105704785,1.7499999999999998,1,0.0,102.92719779855486,41.418031057047855
-0.3725687373122281,-7.117514449172592,1.7500000000000002,1,1.4318181818181817,114.72093921297264,45.55983416275265
7.248155434983373,4.659528493917884,1.7499999999999998,1,1.309523809523809,111.50446428176778,43.488932609900246
