vi,vj,adjacency
0,3,0.0476190476190476
0,4,0.0952380952380953
0,1,0.1363636363636363
0,2,5.506609111966579e-17
1,3,0.1839826839826839
1,4,0.2316017316017316
