x,y,z,RoomType,RoomQualit,RoomArea,RoomPrem
-7.182586315473204,-1.134092576127348,1.75,0,0.5000000000000001,48.779035353208215,96.7758998295337
9.611543212236375,-7.612759361590473,1.7499999999999996,1,1.6363636363636362,117.88266877025286,44.35562075520295
-3.024246869672929,5.04041144945488,1.7499999999999998,1,0.0,97.55807070641612,40.32329159563904
6.048493739345855,5.544452594400369,1.7500000000000002,1,1.0952380952380951,105.68790993195064,42.33945617542099
-1.5121234348364645,-6.048493739345855,1.75,1,1.1904761904761905,105.68790993195084,42.33945617542099
