x,y,z,RoomType,RoomQualit,RoomArea,RoomPrem
-7.542739428133417,1.7898025761672518,1.75,0,0.1025641025641025,71.12840548327685,79.77405768059748
11.28545466745853,9.25759953189958,1.7500000000000002,1,1.681818181818182,121.33669170676625,45.00075048649088
-13.8070484447188,9.204698963145868,1.7500000000000002,1,1.3095238095238095,108.784620150894,42.95526182801403
-6.787303275855033,-2.417395687290833,1.7500000000000004,1,1.0714285714285714,103.55459033594713,42.95526182801403
-3.579605152334502,9.716071127765078,1.75,1,0.8999999999999999,100.41657244697905,40.90977316953718
7.67058246928822,-2.045488658476859,1.7499999999999996,1,1.1428571428571428,112.96864400285128,42.95526182801403
3.579605152334505,5.625093810811361,1.75,1,1.0,25.104143111744765,20.454886584768587
