x,y,z,RoomType,RoomQualit,RoomArea,RoomPrem
2.409672484882288,-5.8339439107676565,1.75,0,0.16,130.73519840773815,152.1898411504607
-16.190100244291866,12.740463844881422,1.7499999999999998,1,1.3181818181818183,108.0881561638781,44.64235340413512
-12.256355207317098,-0.7508032163422728,1.7499999999999998,1,0.880952380952381,102.94110110845548,42.613155522129006
-4.058395764012284,11.160588351033784,1.75,1,1.0,98.82345706411718,40.58395764012285
-13.18978623303992,-13.69708570354146,1.7499999999999996,1,1.2142857142857142,107.05874515279352,42.61315552212898
-3.0437968230092136,-13.69708570354146,1.75,1,1.1904761904761905,107.05874515279352,42.61315552212899
-3.0437968230092127,-1.0145989410030705,1.75,1,0.1999999999999999,98.8234570641172,40.58395764012285
7.102192587021497,1.4357129405399624e-17,1.75,1,1.0,98.82345706411716,40.58395764012284
6.59489311651996,-14.204385174042994,1.7499999999999998,1,1.5714285714285716,111.17638919713175,42.61315552212898
