vi,vj,adjacency
0,2,0.0929100627793598
0,1,0.0
0,3,0.1022356887205255
2,3,0.1951457514998854
