x,y,z,RoomType,RoomQualit,RoomArea,RoomPrem
-8.646314039393506,-3.1211697450418434,1.75,0,0.696202494696339,35.46067125488342,55.04349374952955
-14.492869246983402,2.140230682314407,1.7499999999999998,1,1.4018288481728618,109.51089652243404,45.09461926387952
10.076563887988833,0.0358755143108256,1.75,1,1.7229629417059944,120.98346663430816,44.79126948755322
-2.5061779824329014,0.520194957506974,1.7500000000000002,1,0.7955286225589489,100.12424824908264,40.70554727157901
