vi,vj,adjacency
0,4,0.2370791584598448
0,3,0.0994035633000589
0,1,0.1358080437318995
0,2,-1.0618335424004627e-16
1,4,0.3728872021917446
3,4,0.3364827217599039
