x,y,z,RoomType,RoomQualit,RoomArea,RoomPrem
-11.131706019350142,-2.7603437765081105,1.75,0,0.1862889434270476,80.24659501362154,86.65195415013608
-17.709532303511587,4.516926179740534,1.7500000000000002,1,1.3828757231525048,105.64108710653942,42.289368096949545
-7.589799558647822,5.018806866378371,1.7500000000000002,1,0.7009785332689824,97.51484963680562,40.281845350398186
-1.517959911729564,-7.02632961292972,1.75,1,1.0,97.51484963680578,40.34754056008383
10.498040511026892,-4.376211968533663,1.7499999999999998,1,1.4333428150217615,108.68842615768966,44.3133146459223
-11.131706019350142,-5.5206875530162085,1.7500000000000002,1,1.4979630500423706,25.39449209291815,20.157346477620504
1.0119732744863763,5.018806866378371,1.75,1,1.213537011219861,109.70420584140636,42.30579189937095
