x,y,z,RoomType,RoomQualit,RoomArea,RoomPrem
-1.5026597617211703,-4.374387571199498,1.75,0,0.3024500659882255,101.04708802676709,139.83937845953798
-19.491643766326053,6.234421277944832,1.75,1,1.403789789204383,108.26473717153624,44.79287639975688
-7.513298808605859,4.631704487152412,1.7500000000000002,1,0.7967422657079029,98.98490255683316,40.5108388085251
-8.515071983086639,-5.660972150964059,1.75,1,1.0,98.98490255683308,40.51083880852509
5.509752459644292,-4.631704487152411,1.75,1,0.0,98.98490255683303,40.51083880852508
18.532803727894446,-5.146338319058234,1.7499999999999998,1,1.3765235246454273,111.35801537643708,42.569374136148376
16.062914694260794,6.22884396548083,1.75,1,1.5465705706938142,119.60675725617352,44.79287639975689
5.0088658724039,4.63170448715241,1.7499999999999998,1,1.0,107.23364443656912,42.51438515748665
