x,y,z,RoomType,RoomQualit,RoomArea,RoomPrem
-5.334772043064796,0.0502704567487442,1.75,0,0.2385073115225631,103.19611304670924,143.43494962179886
16.636745720055803,7.160766544254776,1.7499999999999996,1,1.4771874560922802,118.52226844968544,44.513370820559736
-20.12369659568794,7.108242584272468,1.75,1,1.307766933245866,106.2613441273041,42.50100116099095
-13.217609809440486,-4.431112260325695,1.7500000000000002,1,1.0711473959853597,101.1526256596454,42.42677398866902
-10.061848297843962,7.615974197434787,1.7499999999999998,1,0.698899525051186,98.08739457905004,40.47007470834167
1.006184829784395,-3.5541212921362337,1.75,1,0.0,98.08739457905,40.39584753601973
14.08658761698156,-4.061852905298553,1.7500000000000002,1,1.166010590632506,110.34831890143128,42.42677398866901
7.546386223382978,7.615974197434787,1.75,1,1.0,110.3483189014314,42.48244436791046
-1.5092772446765943,7.615974197434788,1.75,1,1.0,110.34831890143133,42.48244436791048
