vi,vj,adjacency
0,1,3.233538877835522e-17
0,2,0.0911850732488749
0,3,0.1004458831950737
2,3,0.1916309564439486
