vi,vj,adjacency
0,2,0.0996608921586128
0,4,0.0950071859083826
0,1,-4.0006878372490426e-17
0,3,-4.1862239057446947e-17
2,4,0.1946680780669955
