x,y,z,RoomType,RoomQualit,RoomArea,RoomPrem
-7.214019239351477,-1.887720797632292,1.75,0,0.4722440222045097,56.06497148222734,72.75111576368258
-14.131522399692011,4.084668240210065,1.75,1,1.410201447729542,107.03312737516116,44.40128577044169
-2.024987856660064,2.516961063509722,1.7500000000000002,1,0.8006782156827744,97.85885931443308,40.40840508638298
6.581210534145206,-7.5508831905291665,1.7499999999999998,1,1.3796196742524032,106.01376425730244,42.433392943043046
8.60619839080527,4.5305299143175,1.7500000000000002,1,1.3800287436335308,110.09121672873722,42.38771691963391
