x,y,z,RoomType,RoomQualit,RoomArea,RoomPrem
-4.72436379876776,1.942235106294535e-16,1.7500000000000004,0,0.2218864055881972,65.3281525879755,72.85634766643435
-15.97612673823602,6.1754961534111885,1.7500000000000002,1,1.4055320192232772,107.17900033964744,44.52944016729225
-4.004758716836244,4.587927566803122,1.7499999999999998,1,0.8989083247389139,97.9922288819633,40.34118364965079
-5.005948396045305,-5.607467026092706,1.75,1,1.0,97.99222888196344,40.34118364965081
9.010707112881557,-5.097697296447915,1.75,1,1.44885526309203,110.2412574922088,42.38026256822997
5.092257851149536,2.1093919847370683,1.75,1,1.409015799385557,29.6018191414264,22.209670743404573
