x,y,z,RoomType,RoomQualit,RoomArea,RoomPrem
-14.144028255481242,-5.070318695594,1.75,0,0.5117349325756472,86.05767707373191,169.9322434213339
9.632570967094985,-8.060058340237363,1.75,1,1.7270261607138386,118.84155405420093,44.550836402707546
12.680852918707318,8.147477628092433,1.75,1,1.7268409430198894,118.8415540542008,44.52062835003214
-14.144028255481237,-9.6336055216286,1.7499999999999998,1,0.0,98.3516309414076,40.47192540672579
-4.896009780743507,-0.8580539331005228,1.7500000000000004,1,0.6196568563266646,106.5476001865248,42.50005288496339
-16.669747586817174,1.521095608678201,1.75,1,1.0715427425557489,110.64558480908347,42.52270892446995
-1.0102877325343742,-9.633605521628605,1.7500000000000002,1,0.5998507209510207,98.35163094140768,40.47192540672579
1.5154315988015592,10.647669260747405,1.7500000000000009,1,1.0953903234076652,110.64558480908352,42.522708924469946
-7.577157994007808,10.647669260747406,1.75,1,1.2146282276672469,110.64558480908336,42.52270892446994
