x,y,z,RoomType,RoomQualit,RoomArea,RoomPrem
5.538182940433875,3.711719809218304,1.75,0,0.3702451037726656,63.92393059707394,93.38583199831088
-4.591287608666611,8.228956793104041,1.7499999999999998,1,1.045904381609294,112.38239411421058,44.61110988080274
15.13885744218914,-3.1247296372491795,1.7499999999999998,1,1.7261687997850124,119.59961208484803,44.74695270628352
-16.614548821301614,-3.071768117973769,1.75,1,1.3770166383711435,107.22723842089847,42.7330680006712
-6.545125293240031,-3.583729470969398,1.7500000000000002,1,0.7986644504629693,98.97898931159854,40.685222588688674
5.538182940433872,6.655497588943165,1.75,1,1.4040200711214048,24.744747327899653,20.274689881603955
4.027769411224632,-1.5358840589868856,1.7500000000000002,1,1.0,107.22723842089832,42.56326446882022
