x,y,z,RoomType,RoomQualit,RoomArea,RoomPrem
-4.354246767204716,2.031920404869893,1.75,0,0.1334032268695341,76.216249831606,91.29274196179291
-17.074478907934267,8.241421770422736,1.75,1,1.2258783030739857,108.14467881511688,44.71921107304525
14.635055055590756,8.235879116994353,1.75,1,1.567192749854804,119.47412135765256,44.71921107304525
-16.648894185422936,-5.167264628007159,1.75,1,1.5461031148493092,119.47412135765288,44.71921107304525
-5.03459782458045,6.648664726138907,1.75,1,0.7981108939780728,98.87513491667806,40.53201349925115
-6.04151738949654,-3.5800502371517187,1.75,1,0.7981108939780729,98.87513491667804,40.53201349925115
8.05535651932872,-3.068614488987186,1.7500000000000002,1,1.070946873288692,111.2345267812629,42.57775649190927
5.538057607038493,8.694407718797036,1.75,1,1.0958789189012903,111.234526781263,42.67346808038713
