x,y,z,RoomType,RoomQualit,RoomArea,RoomPrem
-11.71134715834277,-8.103258474856709,1.75,0,0.4724596998677755,18.96519806158035,39.01067664019217
-8.74109071506528,-1.6048393076751282,1.75,1,1.1136414360439408,114.84481048401466,45.184587859130616
2.612819867246624,5.180408264166742,1.7499999999999998,1,1.5684915115208249,122.22016528574046,45.14424960146338
3.071828762844004,-4.115940812625628,1.75,1,1.285112570515842,113.79118836948228,43.09636375956736
