vi,vj,adjacency
0,4,0.0477589058356207
0,1,0.1363146302919564
0,2,-7.276764257247717e-17
0,3,0.0949586944228312
1,4,0.1840735361275772
1,3,0.2312733247147878
