x,y,z,RoomType,RoomQualit,RoomArea,RoomPrem
10.872417303365122,-2.631869477522698,1.75,0,0.5823228098437616,46.16838977766642,83.49609161129399
-9.782241839271627,-7.055111889069146,1.7500000000000002,1,1.044907489086876,111.83009968368142,44.65254968402054
11.767792845995189,-5.514393190999939,1.75,1,1.3951127458605312,24.62314121475553,20.30037156375773
10.23286334434364,4.511776247181769,1.7500000000000002,1,1.3776160715639925,110.80413546639994,42.48196067145464
-1.023286334434365,2.506542359545425,1.7500000000000002,1,1.0,106.700278597274,42.64731579638418
-12.279436013212369,4.5117762471817695,1.7499999999999998,1,1.3776160715639925,110.80413546639986,42.48196067145464
