x,y,z,RoomType,RoomQualit,RoomArea,RoomPrem
-12.537007104783774,-3.0352743859638305,1.75,0,0.5314023836675911,64.19869130860951,126.27497954611336
-15.263210620180104,8.163841451902716,1.7500000000000002,1,1.5898196074259132,30.028420128220557,22.398731103477143
10.798942080404885,1.046646339987528,1.75,1,1.660096972874774,120.1136805128822,44.8208042524669
-11.257720665520122,-7.588185964909575,1.7500000000000002,1,0.0,99.40442525204054,40.75042969233584
-11.25772066552012,1.5176371929819157,1.7499999999999998,1,0.6758019268499594,99.40442525204044,40.75042969233584
2.0468583028218386,-8.09406502923688,1.75,1,1.0717793831283933,111.82997840854564,42.77394594964507
-0.5117145757054596,3.541153450291135,1.7500000000000002,1,1.189539158575147,111.8299784085456,42.703919813107206
