vi,vj,adjacency
0,1,0.034090909090909
0,2,0.1704545454545455
0,3,0.1428571428571429
1,2,0.2045454545454544
2,3,0.3133116883116883
