x,y,z,RoomType,RoomQualit,RoomArea,RoomPrem
-9.772066702522226,-9.707351028995593,1.75,0,0.4736842105263159,19.29884958722903,39.347129504195465
-6.768428240400596,-3.1680993939278594,1.7499999999999998,1,1.1136363636363638,116.86525583377583,45.55983416275263
4.713086292698549,3.6597829166787994,1.7499999999999998,1,1.5681818181818183,124.37036400658714,45.55983416275264
5.177253882130982,-5.6949792703440805,1.75,1,1.2857142857142856,115.79309752337409,43.488932609900246
