vi,vj,adjacency
0,3,0.0952380952380951
0,2,0.1249999999999999
0,1,0.034090909090909
1,2,0.1590909090909091
2,3,0.2202380952380951
