x,y,z,RoomType,RoomQualit,RoomArea,RoomPrem
-10.742801805421786,-8.736615926096032,1.75,0,0.4736842105263157,19.298849587229075,39.347129504195465
-4.203550170354054,-5.732977463974398,1.7500000000000002,1,1.113636363636363,116.86525583377588,45.55983416275264
4.713086292698549,3.659782916678797,1.7499999999999998,1,1.6590909090909092,124.37036400658712,45.55983416275263
-6.730430046770276,6.212704658557179,1.7499999999999998,1,1.380952380952381,115.79309752337431,43.48893260990025
