vi,vj,adjacency
0,3,0.1818181818181818
0,4,0.0952380952380951
0,1,0.0
0,2,0.0952380952380953
2,3,0.2770562770562772
3,4,0.277056277056277
