x,y,z,RoomType,RoomQualit,RoomArea,RoomPrem
-13.380115939985595,-12.940393819892176,1.75,0,0.4897959183673471,49.49901898226064,98.49775490092686
6.619659108401489,-1.9408424611020072,1.75,1,1.409090909090909,29.29533776501136,22.11174089612644
-7.53809348731583,-8.543172618957943,1.7500000000000002,1,0.0,96.9776698427961,40.20316526568443
5.5279352240316095,-9.045712184778996,1.7500000000000002,1,1.2142857142857144,109.09987857314567,42.21332352896864
-1.0050791316421108,2.512697829105276,1.7500000000000002,1,1.1904761904761905,109.09987857314562,42.21332352896864
-10.05079131642111,2.5126978291052766,1.7499999999999998,1,1.2857142857142856,109.09987857314565,42.21332352896864
