x,y,z,RoomType,RoomQualit,RoomArea,RoomPrem
-8.69332679852666,-5.113721646192141,1.7500000000000004,0,0.452054794520548,77.40444126121315,149.32067206881072
-8.693326798526648,-9.716071127765078,1.75,1,0.0,100.41657244697907,40.909773169537175
-8.69332679852665,-0.5113721646192145,1.7499999999999996,1,0.0,100.41657244697912,40.909773169537175
4.602349481572932,-10.227443292384296,1.7499999999999998,1,1.2857142857142856,112.96864400285128,42.95526182801403
4.60234948157293,-1.0227443292384302,1.7499999999999998,1,1.261904761904762,112.9686440028514,42.95526182801403
-5.076189744201748,10.677826116269111,1.75,1,1.477272727272727,114.01464996584082,45.000750486490894
-12.78430411548037,6.647838140049792,1.75,1,1.2,25.10414311174477,20.454886584768595
