vi,vj,adjacency
0,1,0.0929100627793596
0,2,0.0922850603461946
0,3,0.1948729547905124
1,3,0.2877830175698721
2,3,0.2871580151367071
