vi,vj,adjacency
0,4,0.0354945518918001
0,3,0.1778093688448838
0,1,0.1358080437318997
0,2,3.3079051122353657e-17
1,3,0.3136174125767835
3,4,0.2133039207366839
