x,y,z,RoomType,RoomQualit,RoomArea,RoomPrem
-17.346298711753818,-7.423431354657245,1.75,0,0.6228678595716013,54.23538137057613,107.40071308755591
8.168119438855408,-1.4577866365662366,1.7500000000000002,1,1.637392511607593,118.70385356578868,44.4701330944917
-11.691278252610632,-3.019700890030063,1.75,1,0.0,98.23767191651464,40.50426081024629
-0.6469482037017741,-0.8693078319783506,1.75,1,0.7866287573861396,101.30759916390596,42.45699916780499
-12.199594698376316,6.039401780060128,1.7500000000000004,1,1.307619449728934,106.4241445762243,42.53752659330901
