x,y,z,RoomType,RoomQualit,RoomArea,RoomPrem
-19.40460962803341,-8.19429631721007,1.75,0,0.5610817681368403,67.7574860024247,133.78505562614734
-18.252837999461608,7.146643578511061,1.7499999999999998,1,1.635364587221838,29.77222869803517,22.28181267588691
-15.77817438607306,-2.017057555005554,1.7499999999999991,1,0.3763955341300763,98.55634327625448,40.49183841343241
-4.580760305634116,-4.034115110011112,1.7500000000000002,1,0.0,98.55634327625438,40.567182070093054
6.488221242871169,-2.379939404854683,1.7499999999999998,1,1.4335576468023117,109.84925760999208,44.54478943760869
-5.089733672926796,5.04264388751389,1.7499999999999998,1,1.2367267538169395,106.76937188260894,42.60307553926377
