x,y,z,RoomType,RoomQualit,RoomArea,RoomPrem
-13.408645886944486,-7.779150642886485,1.75,0,0.3948081625820564,66.02567944158727,123.03372062438144
-18.252655574680883,-3.0711414494260314,1.75,1,0.8858161161524059,110.7199855251231,44.3133146459223
-17.203545666268397,5.520687553016208,1.7499999999999996,1,1.251018474978815,25.394492092918128,20.157346477620504
-6.577826284161448,-5.018806866378373,1.7500000000000002,1,0.0,97.5148496368058,40.34754056008382
6.577826284161447,-5.520687553016208,1.7499999999999996,1,1.3822818602479936,109.70420584140646,42.35506330663517
4.082788728100206,5.572606244737365,1.75,1,1.545117609939942,117.83044331114031,44.313314645922304
-6.577826284161448,4.015045493102699,1.7500000000000002,1,0.8009769399885147,97.51484963680562,40.34754056008382
