x,y,z,RoomType,RoomQualit,RoomArea,RoomPrem
-22.79033971943777,-9.906701264187104,1.75,0,0.4100154988328764,107.2336444365691,207.111176527166
-10.518618332048202,-3.602436823340764,1.7500000000000002,1,0.0,98.98490255683332,40.73079472317204
-19.534576902375232,-3.6024368233407653,1.7500000000000002,1,0.0,98.98490255683312,40.730794723172025
-1.5026597617211723,-3.602436823340764,1.7500000000000002,1,0.0,98.98490255683312,40.730794723172025
7.513298808605854,-4.1170706552465886,1.7499999999999998,1,1.1872940143333066,107.23364443656902,42.78933005079531
8.110007177753106,7.276474875468425,1.75,1,1.4993831571045464,118.57566452120614,44.57292048510994
-5.008865872403902,7.719507478587351,1.7499999999999998,1,1.0,107.23364443656924,42.51438515748666
-18.03191714065406,7.719507478587353,1.7500000000000002,1,1.1936789460788702,107.23364443656918,42.51438515748666
