vi,vj,adjacency
1,0,0.0
1,2,0.1428571428571429
1,4,0.0476190476190476
1,3,0.1818181818181818
2,3,0.3246753246753247
3,4,0.2294372294372294
