x,y,z,RoomType,RoomQualit,RoomArea,RoomPrem
-23.268024188764173,-11.04316258628044,1.75,0,0.57889639186517,77.65252070841424,153.27411640267704
23.680039528546583,4.11437686528086,1.7499999999999998,1,1.635416178803112,118.52226844968553,44.51337082055973
-19.117511765903537,-6.600510971110152,1.75,1,0.0,98.08739457905004,40.39584753601974
-6.037108978706382,-7.108242584272468,1.75,1,1.0,110.34831890143144,42.42677398866901
14.589680031873757,4.56958451846087,1.7499999999999996,1,1.0,110.34831890143133,42.48244436791046
5.534016563814185,4.569584518460871,1.7500000000000002,1,1.0,110.34831890143128,42.48244436791047
-3.5216469042453884,4.56958451846087,1.75,1,1.0,110.34831890143133,42.48244436791047
-12.577310372304956,4.569584518460871,1.75,1,1.0,110.34831890143116,42.48244436791046
-21.632973840364528,4.569584518460871,1.75,1,1.2868375136412853,110.34831890143144,42.48244436791046
