vi,vj,adjacency
0,1,0.034194402468328
0,3,0.1424022565889041
0,2,0.1701897050437908
1,2,0.2043841075121188
2,3,0.312591961632695
