vi,vj,adjacency
0,1,7.993153042222143e-17
0,4,0.0950071859083826
0,2,0.090698673061771
0,3,0.1898098371262015
2,3,0.2805085101879725
3,4,0.2848170230345841
