x,y,z,RoomType,RoomQualit,RoomArea,RoomPrem
-14.744442831306086,-0.0629240265877423,1.75,0,0.5931046711104466,31.60025665361913,64.69684036045146
-9.172823433265195,-5.0708683444654605,1.7500000000000002,1,1.0453027331799842,111.11057984659608,44.44696179385083
10.66609983120085,6.09278160890974,1.75,1,1.7276468034457404,118.24612167160662,44.40128577044168
-0.5062469641650151,4.5305299143175,1.7499999999999998,1,1.0,106.01376425730253,42.433392943043046
-11.643680175795367,6.544098765125276,1.7500000000000004,1,1.3800287436335306,110.09121672873714,42.3877169196339
