x,y,z,RoomType,RoomQualit,RoomArea,RoomPrem
9.135855822782684,-1.6567516213455729,1.75,0,0.6123828858951118,44.91310490423277,82.46454929675348
-11.072790442995624,-6.154651047821518,1.7499999999999998,1,1.045943162237822,111.26200987639594,44.38264192664808
10.512491631695148,-5.097697296447915,1.75,1,1.504540385876297,25.51880960467796,20.20729138498644
8.51011227327702,5.607467026092707,1.7500000000000002,1,1.383913689345896,110.24125749220872,42.4903612487131
-2.502974198022654,3.5683881075135395,1.7500000000000002,1,1.0,106.15824795546024,42.34356300806892
-13.51606066932233,5.607467026092708,1.7500000000000002,1,1.383913689345896,110.24125749220867,42.4903612487131
