x,y,z,RoomType,RoomQualit,RoomArea,RoomPrem
-6.519935537288551,-4.072869885324795,1.75,0,0.4136738122233266,115.41145956773886,224.10501903943023
13.07445959201629,-7.074855878387472,1.7499999999999996,1,1.6348170943648332,118.4754806182099,44.52886035787179
-17.553672600392247,-6.618413563652799,1.7500000000000002,1,0.0,98.04867361507002,40.486291403735976
-6.519935537288548,-8.654848506315194,1.75,1,0.0,98.04867361507006,40.365087678979975
-6.51993553728855,0.5091087356655991,1.75,1,0.0,98.04867361507011,40.36508767897999
-18.055206103260595,6.618413563652795,1.75,1,1.1677363019331728,110.30475781695404,42.4924254152094
4.513801525815148,-6.618413563652798,1.75,1,0.5,98.04867361507011,40.486291403735976
4.229147375538518,6.301940565806614,1.7500000000000004,1,1.3402750086895816,113.36877886742488,44.52886035787179
-7.0214690401569,9.6730659776464,1.7499999999999998,1,1.0480617471344054,106.219396416326,42.37122169045339
