vi,vj,adjacency
0,2,0.14315778940217
0,1,0.1366375463728138
0,3,-4.5629510241537515e-17
1,2,0.2797953357749839
