vi,vj,adjacency
0,1,0.1366280410998084
0,2,0.1789341941872879
0,4,0.0358191793767155
0,3,-1.3240232594876002e-17
1,2,0.3155622352870963
2,4,0.2147533735640034
