x,y,z,RoomType,RoomQualit,RoomArea,RoomPrem
-13.380115939985595,-12.940393819892176,1.75,0,0.4897959183673471,49.49901898226064,98.49775490092686
6.099790592034879,-1.4209739447353986,1.7499999999999996,1,1.409090909090909,29.29533776501134,22.111740896126435
-7.53809348731583,-8.543172618957943,1.7500000000000002,1,0.0,96.9776698427961,40.20316526568443
5.52793522403161,-9.045712184778996,1.7499999999999998,1,1.238095238095238,109.0998785731457,42.21332352896864
-1.0050791316421104,2.512697829105276,1.7499999999999998,1,1.1666666666666667,109.09987857314562,42.21332352896864
-10.05079131642111,2.5126978291052766,1.7499999999999998,1,1.2857142857142856,109.09987857314565,42.21332352896864
